[2026-07-23T12:59:22Z] status=monitoring_running_prophet samples=437/1319 rows=875 audit={'accepted': 0, 'explicitly_blocked': 18, 'running': 1, 'total': 19, 'unresolved': 0}
[2026-07-23T13:00:18Z] status=monitoring_running_prophet samples=439/1319 rows=878 audit={'accepted': 0, 'explicitly_blocked': 18, 'running': 1, 'total': 19, 'unresolved': 0}
[2026-07-23T13:10:18Z] status=monitoring_running_prophet samples=458/1319 rows=916 audit={'accepted': 0, 'explicitly_blocked': 18, 'running': 1, 'total': 19, 'unresolved': 0}
[2026-07-23T13:13:20Z] status=monitoring_running_prophet samples=463/1319 rows=927 audit={'accepted': 0, 'explicitly_blocked': 18, 'running': 1, 'total': 19, 'unresolved': 0}
[2026-07-23T13:20:22Z] status=monitoring_running_prophet samples=476/1319 rows=953 audit={'accepted': 0, 'explicitly_blocked': 18, 'running': 1, 'total': 19, 'unresolved': 0}
[2026-07-23T13:21:07Z] status=monitoring_running_prophet samples=478/1319 rows=956 audit={'accepted': 0, 'explicitly_blocked': 18, 'running': 1, 'total': 19, 'unresolved': 0}
[2026-07-23T13:23:01Z] status=monitoring_running_prophet samples=481/1319 rows=963 audit={'accepted': 0, 'explicitly_blocked': 18, 'running': 1, 'total': 19, 'unresolved': 0}
[2026-07-23T13:24:43Z] status=monitoring_running_prophet samples=484/1319 rows=969 audit={'accepted': 0, 'explicitly_blocked': 18, 'running': 1, 'total': 19, 'unresolved': 0}
[2026-07-23T13:27:52Z] status=monitoring_running_prophet samples=490/1319 rows=981 audit={'accepted': 0, 'explicitly_blocked': 18, 'running': 1, 'total': 19, 'unresolved': 0}
[2026-07-23T13:30:23Z] status=monitoring_running_prophet samples=495/1319 rows=991 audit={'accepted': 0, 'explicitly_blocked': 18, 'running': 1, 'total': 19, 'unresolved': 0}
[2026-07-23T13:33:13Z] status=monitoring_running_prophet samples=501/1319 rows=1002 audit={'accepted': 0, 'explicitly_blocked': 18, 'running': 1, 'total': 19, 'unresolved': 0}
[2026-07-23T13:34:32Z] status=monitoring_running_prophet samples=503/1319 rows=1007 audit={'accepted': 0, 'explicitly_blocked': 18, 'running': 1, 'total': 19, 'unresolved': 0}
[2026-07-23T13:40:31Z] status=monitoring_running_prophet samples=514/1319 rows=1029 audit={'accepted': 0, 'explicitly_blocked': 18, 'running': 1, 'total': 19, 'unresolved': 0}
[2026-07-23T13:47:01Z] status=monitoring_running_prophet samples=527/1319 rows=1054 audit={'accepted': 0, 'explicitly_blocked': 18, 'running': 1, 'total': 19, 'unresolved': 0}
[2026-07-23T13:49:08Z] status=monitoring_running_prophet samples=531/1319 rows=1062 audit={'accepted': 0, 'explicitly_blocked': 18, 'running': 1, 'total': 19, 'unresolved': 0}
[2026-07-23T13:50:33Z] status=monitoring_running_prophet samples=533/1319 rows=1067 audit={'accepted': 0, 'explicitly_blocked': 18, 'running': 1, 'total': 19, 'unresolved': 0}
[2026-07-23T13:55:46Z] status=monitoring_running_prophet samples=543/1319 rows=1087 audit={'accepted': 0, 'explicitly_blocked': 18, 'running': 1, 'total': 19, 'unresolved': 0}
[2026-07-23T14:00:36Z] status=monitoring_running_prophet samples=552/1319 rows=1105 audit={'accepted': 0, 'explicitly_blocked': 18, 'running': 1, 'total': 19, 'unresolved': 0}
[2026-07-23T14:05:42Z] status=monitoring_running_prophet samples=562/1319 rows=1124 audit={'accepted': 0, 'explicitly_blocked': 18, 'running': 1, 'total': 19, 'unresolved': 0}
[2026-07-23T14:06:34Z] status=monitoring_running_prophet samples=564/1319 rows=1128 audit={'accepted': 0, 'explicitly_blocked': 18, 'running': 1, 'total': 19, 'unresolved': 0}
[2026-07-23T14:07:20Z] status=monitoring_running_prophet samples=565/1319 rows=1130 audit={'accepted': 0, 'explicitly_blocked': 18, 'running': 1, 'total': 19, 'unresolved': 0}
[2026-07-23T14:08:01Z] status=monitoring_running_prophet samples=566/1319 rows=1133 audit={'accepted': 0, 'explicitly_blocked': 18, 'running': 1, 'total': 19, 'unresolved': 0}
[2026-07-23T14:17:42Z] status=monitoring_running_prophet samples=583/1319 rows=1167 audit={'accepted': 0, 'explicitly_blocked': 18, 'running': 1, 'total': 19, 'unresolved': 0}
[2026-07-23T14:28:06Z] status=monitoring_running_prophet samples=602/1319 rows=1204 audit={'accepted': 0, 'explicitly_blocked': 18, 'running': 1, 'total': 19, 'unresolved': 0}
[2026-07-23T14:38:22Z] status=monitoring_running_prophet samples=621/1319 rows=1243 audit={'accepted': 0, 'explicitly_blocked': 18, 'running': 1, 'total': 19, 'unresolved': 0}
[2026-07-23T14:48:35Z] status=monitoring_running_prophet samples=641/1319 rows=1282 audit={'accepted': 0, 'explicitly_blocked': 18, 'running': 1, 'total': 19, 'unresolved': 0}
[2026-07-23T14:59:14Z] status=monitoring_running_prophet samples=660/1319 rows=1320 audit={'accepted': 0, 'explicitly_blocked': 18, 'running': 1, 'total': 19, 'unresolved': 0}
[2026-07-23T15:09:51Z] status=monitoring_running_prophet samples=680/1319 rows=1360 audit={'accepted': 0, 'explicitly_blocked': 18, 'running': 1, 'total': 19, 'unresolved': 0}
[2026-07-23T15:20:06Z] status=monitoring_running_prophet samples=699/1319 rows=1398 audit={'accepted': 0, 'explicitly_blocked': 18, 'running': 1, 'total': 19, 'unresolved': 0}
[2026-07-23T15:30:18Z] status=monitoring_running_prophet samples=718/1319 rows=1437 audit={'accepted': 0, 'explicitly_blocked': 18, 'running': 1, 'total': 19, 'unresolved': 0}
[2026-07-23T15:40:22Z] status=monitoring_running_prophet samples=737/1319 rows=1474 audit={'accepted': 0, 'explicitly_blocked': 18, 'running': 1, 'total': 19, 'unresolved': 0}
[2026-07-23T15:50:24Z] status=monitoring_running_prophet samples=756/1319 rows=1513 audit={'accepted': 0, 'explicitly_blocked': 18, 'running': 1, 'total': 19, 'unresolved': 0}
[2026-07-23T16:00:25Z] status=monitoring_running_prophet samples=776/1319 rows=1553 audit={'accepted': 0, 'explicitly_blocked': 18, 'running': 1, 'total': 19, 'unresolved': 0}
[2026-07-23T16:10:26Z] status=monitoring_running_prophet samples=796/1319 rows=1592 audit={'accepted': 0, 'explicitly_blocked': 18, 'running': 1, 'total': 19, 'unresolved': 0}
[2026-07-23T16:20:26Z] status=monitoring_running_prophet samples=815/1319 rows=1630 audit={'accepted': 0, 'explicitly_blocked': 18, 'running': 1, 'total': 19, 'unresolved': 0}
[2026-07-23T16:30:27Z] status=monitoring_running_prophet samples=833/1319 rows=1667 audit={'accepted': 0, 'explicitly_blocked': 18, 'running': 1, 'total': 19, 'unresolved': 0}
[2026-07-23T16:40:27Z] status=monitoring_running_prophet samples=853/1319 rows=1706 audit={'accepted': 0, 'explicitly_blocked': 18, 'running': 1, 'total': 19, 'unresolved': 0}
[2026-07-23T16:50:28Z] status=monitoring_running_prophet samples=873/1319 rows=1746 audit={'accepted': 0, 'explicitly_blocked': 18, 'running': 1, 'total': 19, 'unresolved': 0}
[2026-07-23T17:00:28Z] status=monitoring_running_prophet samples=892/1319 rows=1785 audit={'accepted': 0, 'explicitly_blocked': 18, 'running': 1, 'total': 19, 'unresolved': 0}
[2026-07-23T17:10:29Z] status=monitoring_running_prophet samples=912/1319 rows=1824 audit={'accepted': 0, 'explicitly_blocked': 18, 'running': 1, 'total': 19, 'unresolved': 0}
[2026-07-23T17:20:29Z] status=monitoring_running_prophet samples=931/1319 rows=1862 audit={'accepted': 0, 'explicitly_blocked': 18, 'running': 1, 'total': 19, 'unresolved': 0}
[2026-07-23T17:30:30Z] status=monitoring_running_prophet samples=950/1319 rows=1900 audit={'accepted': 0, 'explicitly_blocked': 18, 'running': 1, 'total': 19, 'unresolved': 0}
[2026-07-23T17:40:30Z] status=monitoring_running_prophet samples=968/1319 rows=1937 audit={'accepted': 0, 'explicitly_blocked': 18, 'running': 1, 'total': 19, 'unresolved': 0}
[2026-07-23T17:41:19Z] status=monitoring_running_prophet samples=970/1319 rows=1941 audit={'accepted': 0, 'explicitly_blocked': 18, 'running': 1, 'total': 19, 'unresolved': 0}
[2026-07-23T17:42:50Z] status=monitoring_running_prophet samples=973/1319 rows=1947 audit={'accepted': 0, 'explicitly_blocked': 18, 'running': 1, 'total': 19, 'unresolved': 0}
[2026-07-23T17:43:50Z] status=monitoring_running_prophet samples=975/1319 rows=1951 audit={'accepted': 0, 'explicitly_blocked': 18, 'running': 1, 'total': 19, 'unresolved': 0}
[2026-07-23T17:45:14Z] status=monitoring_running_prophet samples=978/1319 rows=1956 audit={'accepted': 0, 'explicitly_blocked': 18, 'running': 1, 'total': 19, 'unresolved': 0}
[2026-07-23T17:47:42Z] status=monitoring_running_prophet samples=983/1319 rows=1966 audit={'accepted': 0, 'explicitly_blocked': 18, 'running': 1, 'total': 19, 'unresolved': 0}
[2026-07-23T17:50:31Z] status=monitoring_running_prophet samples=988/1319 rows=1977 audit={'accepted': 0, 'explicitly_blocked': 18, 'running': 1, 'total': 19, 'unresolved': 0}
[2026-07-23T18:00:31Z] status=monitoring_running_prophet samples=1007/1319 rows=2015 audit={'accepted': 0, 'explicitly_blocked': 18, 'running': 1, 'total': 19, 'unresolved': 0}
[2026-07-23T18:18:56Z] status=monitoring_running_prophet samples=1013/1319 rows=2026 audit={'accepted': 0, 'explicitly_blocked': 18, 'running': 1, 'total': 19, 'unresolved': 0}
[2026-07-23T18:21:30Z] status=monitoring_running_prophet samples=1019/1319 rows=2038 audit={'accepted': 0, 'explicitly_blocked': 18, 'running': 1, 'total': 19, 'unresolved': 0}
[2026-07-23T18:22:08Z] status=monitoring_running_prophet samples=1020/1319 rows=2041 audit={'accepted': 0, 'explicitly_blocked': 18, 'running': 1, 'total': 19, 'unresolved': 0}
[2026-07-23T18:23:53Z] status=monitoring_running_prophet samples=1024/1319 rows=2048 audit={'accepted': 0, 'explicitly_blocked': 18, 'running': 1, 'total': 19, 'unresolved': 0}
[2026-07-23T18:24:09Z] status=monitoring_running_prophet samples=1025/1319 rows=2050 audit={'accepted': 0, 'explicitly_blocked': 18, 'running': 1, 'total': 19, 'unresolved': 0}
[2026-07-23T18:27:46Z] status=monitoring_running_prophet samples=1032/1319 rows=2064 audit={'accepted': 0, 'explicitly_blocked': 18, 'running': 1, 'total': 19, 'unresolved': 0}
[2026-07-23T18:28:00Z] status=monitoring_running_prophet samples=1032/1319 rows=2064 audit={'accepted': 0, 'explicitly_blocked': 18, 'running': 1, 'total': 19, 'unresolved': 0}
[2026-07-23T18:28:58Z] status=monitoring_running_prophet samples=1034/1319 rows=2068 audit={'accepted': 0, 'explicitly_blocked': 18, 'running': 1, 'total': 19, 'unresolved': 0}
[2026-07-23T18:29:01Z] status=monitoring_running_prophet samples=1034/1319 rows=2068 audit={'accepted': 0, 'explicitly_blocked': 18, 'running': 1, 'total': 19, 'unresolved': 0}
[2026-07-23T18:31:34Z] status=monitoring_running_prophet samples=1039/1319 rows=2078 audit={'accepted': 0, 'explicitly_blocked': 18, 'running': 1, 'total': 19, 'unresolved': 0}
[2026-07-23T18:33:03Z] status=monitoring_running_prophet samples=1042/1319 rows=2084 audit={'accepted': 0, 'explicitly_blocked': 18, 'running': 1, 'total': 19, 'unresolved': 0}
[2026-07-23T18:39:02Z] status=monitoring_running_prophet samples=1053/1319 rows=2107 audit={'accepted': 0, 'explicitly_blocked': 18, 'running': 1, 'total': 19, 'unresolved': 0}
[2026-07-23T18:39:51Z] status=monitoring_running_prophet samples=1055/1319 rows=2110 audit={'accepted': 0, 'explicitly_blocked': 18, 'running': 1, 'total': 19, 'unresolved': 0}
[2026-07-23T18:41:32Z] status=monitoring_running_prophet samples=1058/1319 rows=2117 audit={'accepted': 0, 'explicitly_blocked': 18, 'running': 1, 'total': 19, 'unresolved': 0}
[2026-07-23T18:42:49Z] status=monitoring_running_prophet samples=1061/1319 rows=2122 audit={'accepted': 0, 'explicitly_blocked': 18, 'running': 1, 'total': 19, 'unresolved': 0}
[2026-07-23T18:47:34Z] status=monitoring_running_prophet samples=1070/1319 rows=2140 audit={'accepted': 0, 'explicitly_blocked': 18, 'running': 1, 'total': 19, 'unresolved': 0}
[2026-07-23T18:48:30Z] status=monitoring_running_prophet samples=1072/1319 rows=2144 audit={'accepted': 0, 'explicitly_blocked': 18, 'running': 1, 'total': 19, 'unresolved': 0}
[2026-07-23T18:49:03Z] status=monitoring_running_prophet samples=1073/1319 rows=2146 audit={'accepted': 0, 'explicitly_blocked': 18, 'running': 1, 'total': 19, 'unresolved': 0}
[2026-07-23T18:49:35Z] status=monitoring_running_prophet samples=1074/1319 rows=2148 audit={'accepted': 0, 'explicitly_blocked': 18, 'running': 1, 'total': 19, 'unresolved': 0}
[2026-07-23T18:59:04Z] status=monitoring_running_prophet samples=1092/1319 rows=2184 audit={'accepted': 0, 'explicitly_blocked': 18, 'running': 1, 'total': 19, 'unresolved': 0}
[2026-07-23T18:59:43Z] status=monitoring_running_prophet samples=1093/1319 rows=2187 audit={'accepted': 0, 'explicitly_blocked': 18, 'running': 1, 'total': 19, 'unresolved': 0}
[2026-07-23T19:02:23Z] status=monitoring_running_prophet samples=1099/1319 rows=2198 audit={'accepted': 0, 'explicitly_blocked': 18, 'running': 1, 'total': 19, 'unresolved': 0}
[2026-07-23T19:03:53Z] status=monitoring_running_prophet samples=1102/1319 rows=2204 audit={'accepted': 0, 'explicitly_blocked': 18, 'running': 1, 'total': 19, 'unresolved': 0}
[2026-07-23T19:09:05Z] status=monitoring_running_prophet samples=1112/1319 rows=2225 audit={'accepted': 0, 'explicitly_blocked': 18, 'running': 1, 'total': 19, 'unresolved': 0}
[2026-07-23T19:13:36Z] status=monitoring_running_prophet samples=1122/1319 rows=2244 audit={'accepted': 0, 'explicitly_blocked': 18, 'running': 1, 'total': 19, 'unresolved': 0}
[2026-07-23T19:15:46Z] status=monitoring_running_prophet samples=1125/1319 rows=2251 audit={'accepted': 0, 'explicitly_blocked': 18, 'running': 1, 'total': 19, 'unresolved': 0}
[2026-07-23T19:20:36Z] status=monitoring_running_prophet samples=1132/1319 rows=2265 audit={'accepted': 0, 'explicitly_blocked': 18, 'running': 1, 'total': 19, 'unresolved': 0}
[2026-07-23T19:21:18Z] status=monitoring_running_prophet samples=1133/1319 rows=2267 audit={'accepted': 0, 'explicitly_blocked': 18, 'running': 1, 'total': 19, 'unresolved': 0}
[2026-07-23T19:21:57Z] status=monitoring_running_prophet samples=1134/1319 rows=2269 audit={'accepted': 0, 'explicitly_blocked': 18, 'running': 1, 'total': 19, 'unresolved': 0}
[2026-07-23T19:24:59Z] status=monitoring_running_prophet samples=1138/1319 rows=2276 audit={'accepted': 0, 'explicitly_blocked': 18, 'running': 1, 'total': 19, 'unresolved': 0}
[2026-07-23T19:28:00Z] status=monitoring_running_prophet samples=1142/1319 rows=2284 audit={'accepted': 0, 'explicitly_blocked': 18, 'running': 1, 'total': 19, 'unresolved': 0}
[2026-07-23T19:31:02Z] status=monitoring_running_prophet samples=1145/1319 rows=2290 audit={'accepted': 0, 'explicitly_blocked': 18, 'running': 1, 'total': 19, 'unresolved': 0}
[2026-07-23T19:34:03Z] status=monitoring_running_prophet samples=1149/1319 rows=2298 audit={'accepted': 0, 'explicitly_blocked': 18, 'running': 1, 'total': 19, 'unresolved': 0}
[2026-07-23T19:37:05Z] status=monitoring_running_prophet samples=1152/1319 rows=2305 audit={'accepted': 0, 'explicitly_blocked': 18, 'running': 1, 'total': 19, 'unresolved': 0}
[2026-07-23T19:40:07Z] status=monitoring_running_prophet samples=1156/1319 rows=2312 audit={'accepted': 0, 'explicitly_blocked': 18, 'running': 1, 'total': 19, 'unresolved': 0}
[2026-07-23T19:40:57Z] status=monitoring_running_prophet samples=1156/1319 rows=2313 audit={'accepted': 0, 'explicitly_blocked': 18, 'running': 1, 'total': 19, 'unresolved': 0}
[2026-07-23T19:43:08Z] status=monitoring_running_prophet samples=1159/1319 rows=2318 audit={'accepted': 0, 'explicitly_blocked': 18, 'running': 1, 'total': 19, 'unresolved': 0}
[2026-07-23T19:46:10Z] status=monitoring_running_prophet samples=1162/1319 rows=2325 audit={'accepted': 0, 'explicitly_blocked': 18, 'running': 1, 'total': 19, 'unresolved': 0}
[2026-07-23T19:49:11Z] status=monitoring_running_prophet samples=1166/1319 rows=2332 audit={'accepted': 0, 'explicitly_blocked': 18, 'running': 1, 'total': 19, 'unresolved': 0}
[2026-07-23T19:50:48Z] status=monitoring_running_prophet samples=1167/1319 rows=2335 audit={'accepted': 0, 'explicitly_blocked': 18, 'running': 1, 'total': 19, 'unresolved': 0}
[2026-07-23T19:52:13Z] status=monitoring_running_prophet samples=1169/1319 rows=2338 audit={'accepted': 0, 'explicitly_blocked': 18, 'running': 1, 'total': 19, 'unresolved': 0}
[2026-07-23T19:53:24Z] status=monitoring_running_prophet samples=1170/1319 rows=2341 audit={'accepted': 0, 'explicitly_blocked': 18, 'running': 1, 'total': 19, 'unresolved': 0}
[2026-07-23T19:55:14Z] status=monitoring_running_prophet samples=1172/1319 rows=2345 audit={'accepted': 0, 'explicitly_blocked': 18, 'running': 1, 'total': 19, 'unresolved': 0}
[2026-07-23T19:58:16Z] status=monitoring_running_prophet samples=1175/1319 rows=2351 audit={'accepted': 0, 'explicitly_blocked': 18, 'running': 1, 'total': 19, 'unresolved': 0}
[2026-07-23T20:01:17Z] status=monitoring_running_prophet samples=1179/1319 rows=2358 audit={'accepted': 0, 'explicitly_blocked': 18, 'running': 1, 'total': 19, 'unresolved': 0}
[2026-07-23T20:03:14Z] status=monitoring_running_prophet samples=1181/1319 rows=2362 audit={'accepted': 0, 'explicitly_blocked': 18, 'running': 1, 'total': 19, 'unresolved': 0}
[2026-07-23T20:04:19Z] status=monitoring_running_prophet samples=1182/1319 rows=2364 audit={'accepted': 0, 'explicitly_blocked': 18, 'running': 1, 'total': 19, 'unresolved': 0}
[2026-07-23T20:07:02Z] status=monitoring_running_prophet samples=1185/1319 rows=2370 audit={'accepted': 0, 'explicitly_blocked': 18, 'running': 1, 'total': 19, 'unresolved': 0}
[2026-07-23T20:07:21Z] status=monitoring_running_prophet samples=1185/1319 rows=2371 audit={'accepted': 0, 'explicitly_blocked': 18, 'running': 1, 'total': 19, 'unresolved': 0}
[2026-07-23T20:10:23Z] status=monitoring_running_prophet samples=1189/1319 rows=2378 audit={'accepted': 0, 'explicitly_blocked': 18, 'running': 1, 'total': 19, 'unresolved': 0}
[2026-07-23T20:12:09Z] status=monitoring_running_prophet samples=1190/1319 rows=2381 audit={'accepted': 0, 'explicitly_blocked': 18, 'running': 1, 'total': 19, 'unresolved': 0}
[2026-07-23T20:13:24Z] status=monitoring_running_prophet samples=1192/1319 rows=2384 audit={'accepted': 0, 'explicitly_blocked': 18, 'running': 1, 'total': 19, 'unresolved': 0}
[2026-07-23T20:16:26Z] status=monitoring_running_prophet samples=1195/1319 rows=2390 audit={'accepted': 0, 'explicitly_blocked': 18, 'running': 1, 'total': 19, 'unresolved': 0}
[2026-07-23T20:16:39Z] status=monitoring_running_prophet samples=1195/1319 rows=2391 audit={'accepted': 0, 'explicitly_blocked': 18, 'running': 1, 'total': 19, 'unresolved': 0}
[2026-07-23T20:17:47Z] status=monitoring_running_prophet samples=1196/1319 rows=2393 audit={'accepted': 0, 'explicitly_blocked': 18, 'running': 1, 'total': 19, 'unresolved': 0}
[2026-07-23T20:19:28Z] status=monitoring_running_prophet samples=1198/1319 rows=2397 audit={'accepted': 0, 'explicitly_blocked': 18, 'running': 1, 'total': 19, 'unresolved': 0}
[2026-07-23T20:21:03Z] status=monitoring_running_prophet samples=1200/1319 rows=2400 audit={'accepted': 0, 'explicitly_blocked': 18, 'running': 1, 'total': 19, 'unresolved': 0}
[2026-07-23T20:22:30Z] status=monitoring_running_prophet samples=1201/1319 rows=2403 audit={'accepted': 0, 'explicitly_blocked': 18, 'running': 1, 'total': 19, 'unresolved': 0}
[2026-07-23T20:24:10Z] status=monitoring_running_prophet samples=1203/1319 rows=2407 audit={'accepted': 0, 'explicitly_blocked': 18, 'running': 1, 'total': 19, 'unresolved': 0}
[2026-07-23T20:25:23Z] status=monitoring_running_prophet samples=1205/1319 rows=2410 audit={'accepted': 0, 'explicitly_blocked': 18, 'running': 1, 'total': 19, 'unresolved': 0}
[2026-07-23T20:25:32Z] status=monitoring_running_prophet samples=1205/1319 rows=2410 audit={'accepted': 0, 'explicitly_blocked': 18, 'running': 1, 'total': 19, 'unresolved': 0}
[2026-07-23T20:26:21Z] status=monitoring_running_prophet samples=1206/1319 rows=2412 audit={'accepted': 0, 'explicitly_blocked': 18, 'running': 1, 'total': 19, 'unresolved': 0}
[2026-07-23T20:26:53Z] status=monitoring_running_prophet samples=1206/1319 rows=2413 audit={'accepted': 0, 'explicitly_blocked': 18, 'running': 1, 'total': 19, 'unresolved': 0}
[2026-07-23T20:29:55Z] status=monitoring_running_prophet samples=1209/1319 rows=2419 audit={'accepted': 0, 'explicitly_blocked': 18, 'running': 1, 'total': 19, 'unresolved': 0}
[2026-07-23T20:31:18Z] status=monitoring_running_prophet samples=1211/1319 rows=2422 audit={'accepted': 0, 'explicitly_blocked': 18, 'running': 1, 'total': 19, 'unresolved': 0}
[2026-07-23T20:34:20Z] status=monitoring_running_prophet samples=1214/1319 rows=2429 audit={'accepted': 0, 'explicitly_blocked': 18, 'running': 1, 'total': 19, 'unresolved': 0}
[2026-07-23T20:37:18Z] status=monitoring_running_prophet samples=1217/1319 rows=2435 audit={'accepted': 0, 'explicitly_blocked': 18, 'running': 1, 'total': 19, 'unresolved': 0}
[2026-07-23T20:37:22Z] status=monitoring_running_prophet samples=1217/1319 rows=2435 audit={'accepted': 0, 'explicitly_blocked': 18, 'running': 1, 'total': 19, 'unresolved': 0}
[2026-07-23T20:38:03Z] status=monitoring_running_prophet samples=1218/1319 rows=2436 audit={'accepted': 0, 'explicitly_blocked': 18, 'running': 1, 'total': 19, 'unresolved': 0}
[2026-07-23T20:39:33Z] status=monitoring_running_prophet samples=1220/1319 rows=2440 audit={'accepted': 0, 'explicitly_blocked': 18, 'running': 1, 'total': 19, 'unresolved': 0}
[2026-07-23T20:42:35Z] status=monitoring_running_prophet samples=1223/1319 rows=2447 audit={'accepted': 0, 'explicitly_blocked': 18, 'running': 1, 'total': 19, 'unresolved': 0}
[2026-07-23T20:42:53Z] status=monitoring_running_prophet samples=1223/1319 rows=2447 audit={'accepted': 0, 'explicitly_blocked': 18, 'running': 1, 'total': 19, 'unresolved': 0}
[2026-07-23T20:44:26Z] status=monitoring_running_prophet samples=1225/1319 rows=2451 audit={'accepted': 0, 'explicitly_blocked': 18, 'running': 1, 'total': 19, 'unresolved': 0}
[2026-07-23T20:45:37Z] status=monitoring_running_prophet samples=1227/1319 rows=2454 audit={'accepted': 0, 'explicitly_blocked': 18, 'running': 1, 'total': 19, 'unresolved': 0}
[2026-07-23T20:46:32Z] status=monitoring_running_prophet samples=1228/1319 rows=2456 audit={'accepted': 0, 'explicitly_blocked': 18, 'running': 1, 'total': 19, 'unresolved': 0}
[2026-07-23T20:48:38Z] status=monitoring_running_prophet samples=1230/1319 rows=2460 audit={'accepted': 0, 'explicitly_blocked': 18, 'running': 1, 'total': 19, 'unresolved': 0}
[2026-07-23T20:49:33Z] status=monitoring_running_prophet samples=1231/1319 rows=2462 audit={'accepted': 0, 'explicitly_blocked': 18, 'running': 1, 'total': 19, 'unresolved': 0}
[2026-07-23T20:51:06Z] status=monitoring_running_prophet samples=1233/1319 rows=2466 audit={'accepted': 0, 'explicitly_blocked': 18, 'running': 1, 'total': 19, 'unresolved': 0}
[2026-07-23T20:51:37Z] status=monitoring_running_prophet samples=1233/1319 rows=2467 audit={'accepted': 0, 'explicitly_blocked': 18, 'running': 1, 'total': 19, 'unresolved': 0}
[2026-07-23T20:51:40Z] status=monitoring_running_prophet samples=1233/1319 rows=2467 audit={'accepted': 0, 'explicitly_blocked': 18, 'running': 1, 'total': 19, 'unresolved': 0}
[2026-07-23T20:53:14Z] status=monitoring_running_prophet samples=1235/1319 rows=2471 audit={'accepted': 0, 'explicitly_blocked': 18, 'running': 1, 'total': 19, 'unresolved': 0}
[2026-07-23T20:54:42Z] status=monitoring_running_prophet samples=1237/1319 rows=2474 audit={'accepted': 0, 'explicitly_blocked': 18, 'running': 1, 'total': 19, 'unresolved': 0}
[2026-07-23T20:55:43Z] status=monitoring_running_prophet samples=1238/1319 rows=2476 audit={'accepted': 0, 'explicitly_blocked': 18, 'running': 1, 'total': 19, 'unresolved': 0}
[2026-07-23T20:57:28Z] status=monitoring_running_prophet samples=1240/1319 rows=2480 audit={'accepted': 0, 'explicitly_blocked': 18, 'running': 1, 'total': 19, 'unresolved': 0}
[2026-07-23T20:57:44Z] status=monitoring_running_prophet samples=1240/1319 rows=2481 audit={'accepted': 0, 'explicitly_blocked': 18, 'running': 1, 'total': 19, 'unresolved': 0}
[2026-07-23T20:59:19Z] status=monitoring_running_prophet samples=1242/1319 rows=2484 audit={'accepted': 0, 'explicitly_blocked': 18, 'running': 1, 'total': 19, 'unresolved': 0}
[2026-07-23T21:00:46Z] status=monitoring_running_prophet samples=1243/1319 rows=2487 audit={'accepted': 0, 'explicitly_blocked': 18, 'running': 1, 'total': 19, 'unresolved': 0}
[2026-07-23T21:01:45Z] status=monitoring_running_prophet samples=1245/1319 rows=2490 audit={'accepted': 0, 'explicitly_blocked': 18, 'running': 1, 'total': 19, 'unresolved': 0}
[2026-07-23T21:03:48Z] status=monitoring_running_prophet samples=1247/1319 rows=2494 audit={'accepted': 0, 'explicitly_blocked': 18, 'running': 1, 'total': 19, 'unresolved': 0}
[2026-07-23T21:04:57Z] status=monitoring_running_prophet samples=1248/1319 rows=2497 audit={'accepted': 0, 'explicitly_blocked': 18, 'running': 1, 'total': 19, 'unresolved': 0}
[2026-07-23T21:06:10Z] status=monitoring_running_prophet samples=1249/1319 rows=2499 audit={'accepted': 0, 'explicitly_blocked': 18, 'running': 1, 'total': 19, 'unresolved': 0}
[2026-07-23T21:06:50Z] status=monitoring_running_prophet samples=1250/1319 rows=2501 audit={'accepted': 0, 'explicitly_blocked': 18, 'running': 1, 'total': 19, 'unresolved': 0}
[2026-07-23T21:08:08Z] status=monitoring_running_prophet samples=1252/1319 rows=2504 audit={'accepted': 0, 'explicitly_blocked': 18, 'running': 1, 'total': 19, 'unresolved': 0}
[2026-07-23T21:09:52Z] status=monitoring_running_prophet samples=1254/1319 rows=2508 audit={'accepted': 0, 'explicitly_blocked': 18, 'running': 1, 'total': 19, 'unresolved': 0}
[2026-07-23T21:12:54Z] status=monitoring_running_prophet samples=1257/1319 rows=2515 audit={'accepted': 0, 'explicitly_blocked': 18, 'running': 1, 'total': 19, 'unresolved': 0}
[2026-07-23T21:12:58Z] status=monitoring_running_prophet samples=1257/1319 rows=2515 audit={'accepted': 0, 'explicitly_blocked': 18, 'running': 1, 'total': 19, 'unresolved': 0}
[2026-07-23T21:14:25Z] status=monitoring_running_prophet samples=1259/1319 rows=2518 audit={'accepted': 0, 'explicitly_blocked': 18, 'running': 1, 'total': 19, 'unresolved': 0}
[2026-07-23T21:15:56Z] status=monitoring_running_prophet samples=1261/1319 rows=2522 audit={'accepted': 0, 'explicitly_blocked': 18, 'running': 1, 'total': 19, 'unresolved': 0}
[2026-07-23T21:18:58Z] status=monitoring_running_prophet samples=1264/1319 rows=2528 audit={'accepted': 0, 'explicitly_blocked': 18, 'running': 1, 'total': 19, 'unresolved': 0}
[2026-07-23T21:20:15Z] status=monitoring_running_prophet samples=1265/1319 rows=2531 audit={'accepted': 0, 'explicitly_blocked': 18, 'running': 1, 'total': 19, 'unresolved': 0}
[2026-07-23T21:21:38Z] status=monitoring_running_prophet samples=1267/1319 rows=2534 audit={'accepted': 0, 'explicitly_blocked': 18, 'running': 1, 'total': 19, 'unresolved': 0}
[2026-07-23T21:22:00Z] status=monitoring_running_prophet samples=1267/1319 rows=2535 audit={'accepted': 0, 'explicitly_blocked': 18, 'running': 1, 'total': 19, 'unresolved': 0}
[2026-07-23T21:25:01Z] status=monitoring_running_prophet samples=1271/1319 rows=2542 audit={'accepted': 0, 'explicitly_blocked': 18, 'running': 1, 'total': 19, 'unresolved': 0}
[2026-07-23T21:27:43Z] status=monitoring_running_prophet samples=1274/1319 rows=2548 audit={'accepted': 0, 'explicitly_blocked': 18, 'running': 1, 'total': 19, 'unresolved': 0}
[2026-07-23T21:28:05Z] status=monitoring_running_prophet samples=1274/1319 rows=2549 audit={'accepted': 0, 'explicitly_blocked': 18, 'running': 1, 'total': 19, 'unresolved': 0}
[2026-07-23T21:29:52Z] status=monitoring_running_prophet samples=1276/1319 rows=2553 audit={'accepted': 0, 'explicitly_blocked': 18, 'running': 1, 'total': 19, 'unresolved': 0}
[2026-07-23T21:31:07Z] status=monitoring_running_prophet samples=1278/1319 rows=2556 audit={'accepted': 0, 'explicitly_blocked': 18, 'running': 1, 'total': 19, 'unresolved': 0}
[2026-07-23T21:31:35Z] status=monitoring_running_prophet samples=1278/1319 rows=2557 audit={'accepted': 0, 'explicitly_blocked': 18, 'running': 1, 'total': 19, 'unresolved': 0}
[2026-07-23T21:34:09Z] status=monitoring_running_prophet samples=1281/1319 rows=2563 audit={'accepted': 0, 'explicitly_blocked': 18, 'running': 1, 'total': 19, 'unresolved': 0}
[2026-07-23T21:37:11Z] status=monitoring_running_prophet samples=1285/1319 rows=2570 audit={'accepted': 0, 'explicitly_blocked': 18, 'running': 1, 'total': 19, 'unresolved': 0}
[2026-07-23T21:37:42Z] status=monitoring_running_prophet samples=1285/1319 rows=2571 audit={'accepted': 0, 'explicitly_blocked': 18, 'running': 1, 'total': 19, 'unresolved': 0}
[2026-07-23T21:39:13Z] status=monitoring_running_prophet samples=1287/1319 rows=2575 audit={'accepted': 0, 'explicitly_blocked': 18, 'running': 1, 'total': 19, 'unresolved': 0}
[2026-07-23T21:40:13Z] status=monitoring_running_prophet samples=1288/1319 rows=2577 audit={'accepted': 0, 'explicitly_blocked': 18, 'running': 1, 'total': 19, 'unresolved': 0}
[2026-07-23T21:43:14Z] status=monitoring_running_prophet samples=1292/1319 rows=2584 audit={'accepted': 0, 'explicitly_blocked': 18, 'running': 1, 'total': 19, 'unresolved': 0}
[2026-07-23T21:46:16Z] status=monitoring_running_prophet samples=1295/1319 rows=2591 audit={'accepted': 0, 'explicitly_blocked': 18, 'running': 1, 'total': 19, 'unresolved': 0}
[2026-07-23T21:48:36Z] status=monitoring_running_prophet samples=1298/1319 rows=2596 audit={'accepted': 0, 'explicitly_blocked': 18, 'running': 1, 'total': 19, 'unresolved': 0}
[2026-07-23T21:49:18Z] status=monitoring_running_prophet samples=1299/1319 rows=2598 audit={'accepted': 0, 'explicitly_blocked': 18, 'running': 1, 'total': 19, 'unresolved': 0}
[2026-07-23T21:52:20Z] status=monitoring_running_prophet samples=1302/1319 rows=2605 audit={'accepted': 0, 'explicitly_blocked': 18, 'running': 1, 'total': 19, 'unresolved': 0}
[2026-07-23T21:54:09Z] status=monitoring_running_prophet samples=1304/1319 rows=2609 audit={'accepted': 0, 'explicitly_blocked': 18, 'running': 1, 'total': 19, 'unresolved': 0}
[2026-07-23T21:55:22Z] status=monitoring_running_prophet samples=1306/1319 rows=2612 audit={'accepted': 0, 'explicitly_blocked': 18, 'running': 1, 'total': 19, 'unresolved': 0}
[2026-07-23T21:58:24Z] status=monitoring_running_prophet samples=1309/1319 rows=2619 audit={'accepted': 0, 'explicitly_blocked': 18, 'running': 1, 'total': 19, 'unresolved': 0}
[2026-07-23T22:01:26Z] status=monitoring_running_prophet samples=1313/1319 rows=2626 audit={'accepted': 0, 'explicitly_blocked': 18, 'running': 1, 'total': 19, 'unresolved': 0}
[2026-07-23T22:04:28Z] status=monitoring_running_prophet samples=1316/1319 rows=2633 audit={'accepted': 0, 'explicitly_blocked': 18, 'running': 1, 'total': 19, 'unresolved': 0}
[2026-07-23T22:06:56Z] status=goal_complete samples=1319/1319 rows=2638 audit={'accepted': 0, 'explicitly_blocked': 19, 'running': 0, 'total': 19, 'unresolved': 0}
[2026-07-23T22:07:32Z] status=goal_complete samples=1319/1319 rows=2638 audit={'accepted': 0, 'explicitly_blocked': 19, 'running': 0, 'total': 19, 'unresolved': 0}
[2026-07-23T22:14:20Z] status=goal_complete samples=1319/1319 rows=2638 audit={'accepted': 0, 'explicitly_blocked': 19, 'running': 0, 'total': 19, 'unresolved': 0}
[2026-07-23T22:36:07Z] status=goal_complete samples=1319/1319 rows=2638 audit={'accepted': 0, 'explicitly_blocked': 19, 'running': 0, 'total': 19, 'unresolved': 0}
[2026-07-23T22:36:26Z] status=goal_complete samples=1319/1319 rows=2638 audit={'accepted': 0, 'explicitly_blocked': 19, 'running': 0, 'total': 19, 'unresolved': 0}
[2026-07-23T22:39:21Z] status=prophet_transitioned_to_explicit_blocker samples=1319/1319 rows=2638 audit={'accepted': 0, 'explicitly_blocked': 18, 'running': 1, 'total': 19, 'unresolved': 0}
[2026-07-23T22:40:43Z] status=monitoring_active_professional_campaigns samples=1319/1319 rows=2638 audit={'accepted': 0, 'explicitly_blocked': 18, 'running': 1, 'total': 19, 'unresolved': 0}
[2026-07-23T22:42:08Z] status=monitoring_active_professional_campaigns samples=1319/1319 rows=2638 audit={'accepted': 0, 'explicitly_blocked': 18, 'running': 1, 'total': 19, 'unresolved': 0}
[2026-07-23T22:45:12Z] status=monitoring_active_professional_campaigns samples=1319/1319 rows=2638 audit={'accepted': 0, 'explicitly_blocked': 18, 'running': 1, 'total': 19, 'unresolved': 0}
[2026-07-23T22:48:16Z] status=monitoring_active_professional_campaigns samples=1319/1319 rows=2638 audit={'accepted': 0, 'explicitly_blocked': 18, 'running': 1, 'total': 19, 'unresolved': 0}
[2026-07-23T22:51:19Z] status=monitoring_active_professional_campaigns samples=1319/1319 rows=2638 audit={'accepted': 0, 'explicitly_blocked': 18, 'running': 1, 'total': 19, 'unresolved': 0}
[2026-07-23T22:54:23Z] status=monitoring_active_professional_campaigns samples=1319/1319 rows=2638 audit={'accepted': 0, 'explicitly_blocked': 18, 'running': 1, 'total': 19, 'unresolved': 0}
[2026-07-23T22:57:27Z] status=monitoring_active_professional_campaigns samples=1319/1319 rows=2638 audit={'accepted': 0, 'explicitly_blocked': 18, 'running': 1, 'total': 19, 'unresolved': 0}
[2026-07-23T23:00:31Z] status=monitoring_active_professional_campaigns samples=1319/1319 rows=2638 audit={'accepted': 0, 'explicitly_blocked': 18, 'running': 1, 'total': 19, 'unresolved': 0}
[2026-07-23T23:03:34Z] status=monitoring_active_professional_campaigns samples=1319/1319 rows=2638 audit={'accepted': 0, 'explicitly_blocked': 18, 'running': 1, 'total': 19, 'unresolved': 0}
[2026-07-23T23:06:38Z] status=monitoring_active_professional_campaigns samples=1319/1319 rows=2638 audit={'accepted': 0, 'explicitly_blocked': 18, 'running': 1, 'total': 19, 'unresolved': 0}
[2026-07-23T23:09:41Z] status=monitoring_active_professional_campaigns samples=1319/1319 rows=2638 audit={'accepted': 0, 'explicitly_blocked': 18, 'running': 1, 'total': 19, 'unresolved': 0}
[2026-07-23T23:12:45Z] status=monitoring_active_professional_campaigns samples=1319/1319 rows=2638 audit={'accepted': 0, 'explicitly_blocked': 18, 'running': 1, 'total': 19, 'unresolved': 0}
[2026-07-23T23:15:49Z] status=monitoring_active_professional_campaigns samples=1319/1319 rows=2638 audit={'accepted': 0, 'explicitly_blocked': 18, 'running': 1, 'total': 19, 'unresolved': 0}
[2026-07-23T23:18:53Z] status=monitoring_active_professional_campaigns samples=1319/1319 rows=2638 audit={'accepted': 0, 'explicitly_blocked': 18, 'running': 1, 'total': 19, 'unresolved': 0}
[2026-07-23T23:21:56Z] status=monitoring_active_professional_campaigns samples=1319/1319 rows=2638 audit={'accepted': 0, 'explicitly_blocked': 18, 'running': 1, 'total': 19, 'unresolved': 0}
[2026-07-23T23:25:00Z] status=monitoring_active_professional_campaigns samples=1319/1319 rows=2638 audit={'accepted': 0, 'explicitly_blocked': 18, 'running': 1, 'total': 19, 'unresolved': 0}
[2026-07-23T23:28:04Z] status=monitoring_active_professional_campaigns samples=1319/1319 rows=2638 audit={'accepted': 0, 'explicitly_blocked': 18, 'running': 1, 'total': 19, 'unresolved': 0}
[2026-07-23T23:29:01Z] status=monitoring_active_professional_campaigns samples=1319/1319 rows=2638 audit={'accepted': 0, 'explicitly_blocked': 18, 'running': 1, 'total': 19, 'unresolved': 0}
[2026-07-23T23:29:27Z] status=monitoring_active_professional_campaigns samples=1319/1319 rows=2638 audit={'accepted': 0, 'explicitly_blocked': 18, 'running': 1, 'total': 19, 'unresolved': 0}
[2026-07-23T23:31:07Z] status=monitoring_active_professional_campaigns samples=1319/1319 rows=2638 audit={'accepted': 0, 'explicitly_blocked': 18, 'running': 1, 'total': 19, 'unresolved': 0}
[2026-07-23T23:34:11Z] status=monitoring_active_professional_campaigns samples=1319/1319 rows=2638 audit={'accepted': 0, 'explicitly_blocked': 18, 'running': 1, 'total': 19, 'unresolved': 0}
[2026-07-23T23:37:15Z] status=monitoring_active_professional_campaigns samples=1319/1319 rows=2638 audit={'accepted': 0, 'explicitly_blocked': 18, 'running': 1, 'total': 19, 'unresolved': 0}
[2026-07-23T23:40:19Z] status=monitoring_active_professional_campaigns samples=1319/1319 rows=2638 audit={'accepted': 0, 'explicitly_blocked': 18, 'running': 1, 'total': 19, 'unresolved': 0}
[2026-07-23T23:43:23Z] status=monitoring_active_professional_campaigns samples=1319/1319 rows=2638 audit={'accepted': 0, 'explicitly_blocked': 18, 'running': 1, 'total': 19, 'unresolved': 0}
[2026-07-23T23:46:26Z] status=monitoring_active_professional_campaigns samples=1319/1319 rows=2638 audit={'accepted': 0, 'explicitly_blocked': 18, 'running': 1, 'total': 19, 'unresolved': 0}
[2026-07-23T23:49:32Z] status=monitoring_active_professional_campaigns samples=1319/1319 rows=2638 audit={'accepted': 0, 'explicitly_blocked': 18, 'running': 1, 'total': 19, 'unresolved': 0}
[2026-07-23T23:52:35Z] status=monitoring_active_professional_campaigns samples=1319/1319 rows=2638 audit={'accepted': 0, 'explicitly_blocked': 18, 'running': 1, 'total': 19, 'unresolved': 0}
[2026-07-23T23:55:39Z] status=monitoring_active_professional_campaigns samples=1319/1319 rows=2638 audit={'accepted': 0, 'explicitly_blocked': 18, 'running': 1, 'total': 19, 'unresolved': 0}
[2026-07-23T23:58:43Z] status=monitoring_active_professional_campaigns samples=1319/1319 rows=2638 audit={'accepted': 0, 'explicitly_blocked': 18, 'running': 1, 'total': 19, 'unresolved': 0}
[2026-07-24T00:01:47Z] status=monitoring_active_professional_campaigns samples=1319/1319 rows=2638 audit={'accepted': 0, 'explicitly_blocked': 18, 'running': 1, 'total': 19, 'unresolved': 0}
[2026-07-24T00:04:51Z] status=monitoring_active_professional_campaigns samples=1319/1319 rows=2638 audit={'accepted': 0, 'explicitly_blocked': 18, 'running': 1, 'total': 19, 'unresolved': 0}
[2026-07-24T00:07:55Z] status=monitoring_active_professional_campaigns samples=1319/1319 rows=2638 audit={'accepted': 0, 'explicitly_blocked': 18, 'running': 1, 'total': 19, 'unresolved': 0}
[2026-07-24T00:10:58Z] status=monitoring_active_professional_campaigns samples=1319/1319 rows=2638 audit={'accepted': 0, 'explicitly_blocked': 18, 'running': 1, 'total': 19, 'unresolved': 0}
[2026-07-24T00:14:02Z] status=monitoring_active_professional_campaigns samples=1319/1319 rows=2638 audit={'accepted': 0, 'explicitly_blocked': 18, 'running': 1, 'total': 19, 'unresolved': 0}
[2026-07-24T00:17:08Z] status=monitoring_active_professional_campaigns samples=1319/1319 rows=2638 audit={'accepted': 0, 'explicitly_blocked': 18, 'running': 1, 'total': 19, 'unresolved': 0}
[2026-07-24T00:20:12Z] status=monitoring_active_professional_campaigns samples=1319/1319 rows=2638 audit={'accepted': 0, 'explicitly_blocked': 18, 'running': 1, 'total': 19, 'unresolved': 0}
[2026-07-24T00:23:16Z] status=monitoring_active_professional_campaigns samples=1319/1319 rows=2638 audit={'accepted': 0, 'explicitly_blocked': 18, 'running': 1, 'total': 19, 'unresolved': 0}
[2026-07-24T00:26:20Z] status=monitoring_active_professional_campaigns samples=1319/1319 rows=2638 audit={'accepted': 0, 'explicitly_blocked': 18, 'running': 1, 'total': 19, 'unresolved': 0}
[2026-07-24T00:29:24Z] status=monitoring_active_professional_campaigns samples=1319/1319 rows=2638 audit={'accepted': 0, 'explicitly_blocked': 18, 'running': 1, 'total': 19, 'unresolved': 0}
[2026-07-24T00:32:28Z] status=monitoring_active_professional_campaigns samples=1319/1319 rows=2638 audit={'accepted': 0, 'explicitly_blocked': 18, 'running': 1, 'total': 19, 'unresolved': 0}
[2026-07-24T00:35:32Z] status=monitoring_active_professional_campaigns samples=1319/1319 rows=2638 audit={'accepted': 0, 'explicitly_blocked': 18, 'running': 1, 'total': 19, 'unresolved': 0}
[2026-07-24T00:38:36Z] status=monitoring_active_professional_campaigns samples=1319/1319 rows=2638 audit={'accepted': 0, 'explicitly_blocked': 18, 'running': 1, 'total': 19, 'unresolved': 0}
[2026-07-24T00:41:39Z] status=monitoring_active_professional_campaigns samples=1319/1319 rows=2638 audit={'accepted': 0, 'explicitly_blocked': 18, 'running': 1, 'total': 19, 'unresolved': 0}
[2026-07-24T00:44:43Z] status=monitoring_active_professional_campaigns samples=1319/1319 rows=2638 audit={'accepted': 0, 'explicitly_blocked': 18, 'running': 1, 'total': 19, 'unresolved': 0}
[2026-07-24T00:47:47Z] status=monitoring_active_professional_campaigns samples=1319/1319 rows=2638 audit={'accepted': 0, 'explicitly_blocked': 18, 'running': 1, 'total': 19, 'unresolved': 0}
[2026-07-24T00:50:50Z] status=monitoring_active_professional_campaigns samples=1319/1319 rows=2638 audit={'accepted': 0, 'explicitly_blocked': 18, 'running': 1, 'total': 19, 'unresolved': 0}
[2026-07-24T00:53:54Z] status=monitoring_active_professional_campaigns samples=1319/1319 rows=2638 audit={'accepted': 0, 'explicitly_blocked': 18, 'running': 1, 'total': 19, 'unresolved': 0}
[2026-07-24T00:56:58Z] status=monitoring_active_professional_campaigns samples=1319/1319 rows=2638 audit={'accepted': 0, 'explicitly_blocked': 18, 'running': 1, 'total': 19, 'unresolved': 0}
[2026-07-24T01:00:02Z] status=monitoring_active_professional_campaigns samples=1319/1319 rows=2638 audit={'accepted': 0, 'explicitly_blocked': 18, 'running': 1, 'total': 19, 'unresolved': 0}
[2026-07-24T01:03:05Z] status=monitoring_active_professional_campaigns samples=1319/1319 rows=2638 audit={'accepted': 0, 'explicitly_blocked': 18, 'running': 1, 'total': 19, 'unresolved': 0}
[2026-07-24T01:06:11Z] status=monitoring_active_professional_campaigns samples=1319/1319 rows=2638 audit={'accepted': 0, 'explicitly_blocked': 18, 'running': 1, 'total': 19, 'unresolved': 0}
[2026-07-24T01:09:15Z] status=monitoring_active_professional_campaigns samples=1319/1319 rows=2638 audit={'accepted': 0, 'explicitly_blocked': 18, 'running': 1, 'total': 19, 'unresolved': 0}
[2026-07-24T01:12:19Z] status=monitoring_active_professional_campaigns samples=1319/1319 rows=2638 audit={'accepted': 0, 'explicitly_blocked': 18, 'running': 1, 'total': 19, 'unresolved': 0}
[2026-07-24T01:15:22Z] status=monitoring_active_professional_campaigns samples=1319/1319 rows=2638 audit={'accepted': 0, 'explicitly_blocked': 18, 'running': 1, 'total': 19, 'unresolved': 0}
[2026-07-24T01:18:26Z] status=monitoring_active_professional_campaigns samples=1319/1319 rows=2638 audit={'accepted': 0, 'explicitly_blocked': 18, 'running': 1, 'total': 19, 'unresolved': 0}
[2026-07-24T01:21:30Z] status=monitoring_active_professional_campaigns samples=1319/1319 rows=2638 audit={'accepted': 0, 'explicitly_blocked': 18, 'running': 1, 'total': 19, 'unresolved': 0}
[2026-07-24T01:24:34Z] status=monitoring_active_professional_campaigns samples=1319/1319 rows=2638 audit={'accepted': 0, 'explicitly_blocked': 18, 'running': 1, 'total': 19, 'unresolved': 0}
[2026-07-24T01:27:38Z] status=monitoring_active_professional_campaigns samples=1319/1319 rows=2638 audit={'accepted': 0, 'explicitly_blocked': 18, 'running': 1, 'total': 19, 'unresolved': 0}
[2026-07-24T01:30:42Z] status=monitoring_active_professional_campaigns samples=1319/1319 rows=2638 audit={'accepted': 0, 'explicitly_blocked': 18, 'running': 1, 'total': 19, 'unresolved': 0}
[2026-07-24T01:33:46Z] status=monitoring_active_professional_campaigns samples=1319/1319 rows=2638 audit={'accepted': 0, 'explicitly_blocked': 18, 'running': 1, 'total': 19, 'unresolved': 0}
[2026-07-24T01:36:50Z] status=monitoring_active_professional_campaigns samples=1319/1319 rows=2638 audit={'accepted': 0, 'explicitly_blocked': 18, 'running': 1, 'total': 19, 'unresolved': 0}
[2026-07-24T01:39:54Z] status=monitoring_active_professional_campaigns samples=1319/1319 rows=2638 audit={'accepted': 0, 'explicitly_blocked': 18, 'running': 1, 'total': 19, 'unresolved': 0}
[2026-07-24T01:42:58Z] status=monitoring_active_professional_campaigns samples=1319/1319 rows=2638 audit={'accepted': 0, 'explicitly_blocked': 18, 'running': 1, 'total': 19, 'unresolved': 0}
[2026-07-24T01:46:02Z] status=monitoring_active_professional_campaigns samples=1319/1319 rows=2638 audit={'accepted': 0, 'explicitly_blocked': 18, 'running': 1, 'total': 19, 'unresolved': 0}
[2026-07-24T01:49:07Z] status=monitoring_active_professional_campaigns samples=1319/1319 rows=2638 audit={'accepted': 0, 'explicitly_blocked': 18, 'running': 1, 'total': 19, 'unresolved': 0}
[2026-07-24T01:52:11Z] status=monitoring_active_professional_campaigns samples=1319/1319 rows=2638 audit={'accepted': 0, 'explicitly_blocked': 18, 'running': 1, 'total': 19, 'unresolved': 0}
[2026-07-24T01:55:15Z] status=monitoring_active_professional_campaigns samples=1319/1319 rows=2638 audit={'accepted': 0, 'explicitly_blocked': 18, 'running': 1, 'total': 19, 'unresolved': 0}
[2026-07-24T01:58:19Z] status=monitoring_active_professional_campaigns samples=1319/1319 rows=2638 audit={'accepted': 0, 'explicitly_blocked': 18, 'running': 1, 'total': 19, 'unresolved': 0}
[2026-07-24T02:01:23Z] status=monitoring_active_professional_campaigns samples=1319/1319 rows=2638 audit={'accepted': 0, 'explicitly_blocked': 18, 'running': 1, 'total': 19, 'unresolved': 0}
[2026-07-24T02:04:28Z] status=monitoring_active_professional_campaigns samples=1319/1319 rows=2638 audit={'accepted': 0, 'explicitly_blocked': 18, 'running': 1, 'total': 19, 'unresolved': 0}
[2026-07-24T02:07:32Z] status=monitoring_active_professional_campaigns samples=1319/1319 rows=2638 audit={'accepted': 0, 'explicitly_blocked': 18, 'running': 1, 'total': 19, 'unresolved': 0}
[2026-07-24T02:10:36Z] status=monitoring_active_professional_campaigns samples=1319/1319 rows=2638 audit={'accepted': 0, 'explicitly_blocked': 18, 'running': 1, 'total': 19, 'unresolved': 0}
[2026-07-24T02:13:41Z] status=monitoring_active_professional_campaigns samples=1319/1319 rows=2638 audit={'accepted': 0, 'explicitly_blocked': 18, 'running': 1, 'total': 19, 'unresolved': 0}
[2026-07-24T02:16:45Z] status=monitoring_active_professional_campaigns samples=1319/1319 rows=2638 audit={'accepted': 0, 'explicitly_blocked': 18, 'running': 1, 'total': 19, 'unresolved': 0}
[2026-07-24T02:19:50Z] status=monitoring_active_professional_campaigns samples=1319/1319 rows=2638 audit={'accepted': 0, 'explicitly_blocked': 18, 'running': 1, 'total': 19, 'unresolved': 0}
[2026-07-24T02:22:54Z] status=monitoring_active_professional_campaigns samples=1319/1319 rows=2638 audit={'accepted': 0, 'explicitly_blocked': 18, 'running': 1, 'total': 19, 'unresolved': 0}
[2026-07-24T02:25:59Z] status=monitoring_active_professional_campaigns samples=1319/1319 rows=2638 audit={'accepted': 0, 'explicitly_blocked': 18, 'running': 1, 'total': 19, 'unresolved': 0}
[2026-07-24T02:29:04Z] status=monitoring_active_professional_campaigns samples=1319/1319 rows=2638 audit={'accepted': 0, 'explicitly_blocked': 18, 'running': 1, 'total': 19, 'unresolved': 0}
[2026-07-24T02:32:08Z] status=monitoring_active_professional_campaigns samples=1319/1319 rows=2638 audit={'accepted': 0, 'explicitly_blocked': 18, 'running': 1, 'total': 19, 'unresolved': 0}
[2026-07-24T02:35:13Z] status=monitoring_active_professional_campaigns samples=1319/1319 rows=2638 audit={'accepted': 0, 'explicitly_blocked': 18, 'running': 1, 'total': 19, 'unresolved': 0}
[2026-07-24T02:38:18Z] status=monitoring_active_professional_campaigns samples=1319/1319 rows=2638 audit={'accepted': 0, 'explicitly_blocked': 18, 'running': 1, 'total': 19, 'unresolved': 0}
[2026-07-24T02:41:23Z] status=monitoring_active_professional_campaigns samples=1319/1319 rows=2638 audit={'accepted': 0, 'explicitly_blocked': 18, 'running': 1, 'total': 19, 'unresolved': 0}
[2026-07-24T02:44:30Z] status=monitoring_active_professional_campaigns samples=1319/1319 rows=2638 audit={'accepted': 0, 'explicitly_blocked': 18, 'running': 1, 'total': 19, 'unresolved': 0}
[2026-07-24T02:47:35Z] status=monitoring_active_professional_campaigns samples=1319/1319 rows=2638 audit={'accepted': 0, 'explicitly_blocked': 18, 'running': 1, 'total': 19, 'unresolved': 0}
[2026-07-24T02:50:40Z] status=monitoring_active_professional_campaigns samples=1319/1319 rows=2638 audit={'accepted': 0, 'explicitly_blocked': 18, 'running': 1, 'total': 19, 'unresolved': 0}
[2026-07-24T02:53:45Z] status=monitoring_active_professional_campaigns samples=1319/1319 rows=2638 audit={'accepted': 0, 'explicitly_blocked': 18, 'running': 1, 'total': 19, 'unresolved': 0}
[2026-07-24T02:56:50Z] status=monitoring_active_professional_campaigns samples=1319/1319 rows=2638 audit={'accepted': 0, 'explicitly_blocked': 18, 'running': 1, 'total': 19, 'unresolved': 0}
[2026-07-24T02:59:56Z] status=monitoring_active_professional_campaigns samples=1319/1319 rows=2638 audit={'accepted': 0, 'explicitly_blocked': 18, 'running': 1, 'total': 19, 'unresolved': 0}
[2026-07-24T03:03:01Z] status=monitoring_active_professional_campaigns samples=1319/1319 rows=2638 audit={'accepted': 0, 'explicitly_blocked': 18, 'running': 1, 'total': 19, 'unresolved': 0}
[2026-07-24T03:06:06Z] status=monitoring_active_professional_campaigns samples=1319/1319 rows=2638 audit={'accepted': 0, 'explicitly_blocked': 18, 'running': 1, 'total': 19, 'unresolved': 0}
[2026-07-24T03:09:11Z] status=monitoring_active_professional_campaigns samples=1319/1319 rows=2638 audit={'accepted': 0, 'explicitly_blocked': 18, 'running': 1, 'total': 19, 'unresolved': 0}
[2026-07-24T03:12:20Z] status=monitoring_active_professional_campaigns samples=1319/1319 rows=2638 audit={'accepted': 0, 'explicitly_blocked': 18, 'running': 1, 'total': 19, 'unresolved': 0}
[2026-07-24T03:15:29Z] status=monitoring_active_professional_campaigns samples=1319/1319 rows=2638 audit={'accepted': 0, 'explicitly_blocked': 18, 'running': 1, 'total': 19, 'unresolved': 0}
[2026-07-24T03:18:35Z] status=monitoring_active_professional_campaigns samples=1319/1319 rows=2638 audit={'accepted': 0, 'explicitly_blocked': 18, 'running': 1, 'total': 19, 'unresolved': 0}
[2026-07-24T03:21:41Z] status=monitoring_active_professional_campaigns samples=1319/1319 rows=2638 audit={'accepted': 0, 'explicitly_blocked': 18, 'running': 1, 'total': 19, 'unresolved': 0}
[2026-07-24T03:24:46Z] status=monitoring_active_professional_campaigns samples=1319/1319 rows=2638 audit={'accepted': 0, 'explicitly_blocked': 18, 'running': 1, 'total': 19, 'unresolved': 0}
[2026-07-24T03:27:52Z] status=monitoring_active_professional_campaigns samples=1319/1319 rows=2638 audit={'accepted': 0, 'explicitly_blocked': 18, 'running': 1, 'total': 19, 'unresolved': 0}
[2026-07-24T03:30:57Z] status=monitoring_active_professional_campaigns samples=1319/1319 rows=2638 audit={'accepted': 0, 'explicitly_blocked': 18, 'running': 1, 'total': 19, 'unresolved': 0}
[2026-07-24T03:34:03Z] status=monitoring_active_professional_campaigns samples=1319/1319 rows=2638 audit={'accepted': 0, 'explicitly_blocked': 18, 'running': 1, 'total': 19, 'unresolved': 0}
[2026-07-24T03:37:09Z] status=monitoring_active_professional_campaigns samples=1319/1319 rows=2638 audit={'accepted': 0, 'explicitly_blocked': 18, 'running': 1, 'total': 19, 'unresolved': 0}
[2026-07-24T03:40:14Z] status=monitoring_active_professional_campaigns samples=1319/1319 rows=2638 audit={'accepted': 0, 'explicitly_blocked': 18, 'running': 1, 'total': 19, 'unresolved': 0}
[2026-07-24T03:43:20Z] status=monitoring_active_professional_campaigns samples=1319/1319 rows=2638 audit={'accepted': 0, 'explicitly_blocked': 18, 'running': 1, 'total': 19, 'unresolved': 0}
[2026-07-24T03:46:26Z] status=monitoring_active_professional_campaigns samples=1319/1319 rows=2638 audit={'accepted': 0, 'explicitly_blocked': 18, 'running': 1, 'total': 19, 'unresolved': 0}
[2026-07-24T03:49:32Z] status=monitoring_active_professional_campaigns samples=1319/1319 rows=2638 audit={'accepted': 0, 'explicitly_blocked': 18, 'running': 1, 'total': 19, 'unresolved': 0}
[2026-07-24T03:52:38Z] status=monitoring_active_professional_campaigns samples=1319/1319 rows=2638 audit={'accepted': 0, 'explicitly_blocked': 18, 'running': 1, 'total': 19, 'unresolved': 0}
[2026-07-24T03:55:43Z] status=monitoring_active_professional_campaigns samples=1319/1319 rows=2638 audit={'accepted': 0, 'explicitly_blocked': 18, 'running': 1, 'total': 19, 'unresolved': 0}
[2026-07-24T03:58:49Z] status=monitoring_active_professional_campaigns samples=1319/1319 rows=2638 audit={'accepted': 0, 'explicitly_blocked': 18, 'running': 1, 'total': 19, 'unresolved': 0}
[2026-07-24T04:01:55Z] status=monitoring_active_professional_campaigns samples=1319/1319 rows=2638 audit={'accepted': 0, 'explicitly_blocked': 18, 'running': 1, 'total': 19, 'unresolved': 0}
[2026-07-24T04:05:01Z] status=monitoring_active_professional_campaigns samples=1319/1319 rows=2638 audit={'accepted': 0, 'explicitly_blocked': 18, 'running': 1, 'total': 19, 'unresolved': 0}
[2026-07-24T04:08:07Z] status=monitoring_active_professional_campaigns samples=1319/1319 rows=2638 audit={'accepted': 0, 'explicitly_blocked': 18, 'running': 1, 'total': 19, 'unresolved': 0}
[2026-07-24T04:11:13Z] status=monitoring_active_professional_campaigns samples=1319/1319 rows=2638 audit={'accepted': 0, 'explicitly_blocked': 18, 'running': 1, 'total': 19, 'unresolved': 0}
[2026-07-24T04:14:20Z] status=monitoring_active_professional_campaigns samples=1319/1319 rows=2638 audit={'accepted': 0, 'explicitly_blocked': 18, 'running': 1, 'total': 19, 'unresolved': 0}
[2026-07-24T04:17:26Z] status=monitoring_active_professional_campaigns samples=1319/1319 rows=2638 audit={'accepted': 0, 'explicitly_blocked': 18, 'running': 1, 'total': 19, 'unresolved': 0}
[2026-07-24T04:20:32Z] status=monitoring_active_professional_campaigns samples=1319/1319 rows=2638 audit={'accepted': 0, 'explicitly_blocked': 18, 'running': 1, 'total': 19, 'unresolved': 0}
[2026-07-24T04:23:42Z] status=monitoring_active_professional_campaigns samples=1319/1319 rows=2638 audit={'accepted': 0, 'explicitly_blocked': 18, 'running': 1, 'total': 19, 'unresolved': 0}
[2026-07-24T04:26:48Z] status=monitoring_active_professional_campaigns samples=1319/1319 rows=2638 audit={'accepted': 0, 'explicitly_blocked': 18, 'running': 1, 'total': 19, 'unresolved': 0}
[2026-07-24T04:29:55Z] status=monitoring_active_professional_campaigns samples=1319/1319 rows=2638 audit={'accepted': 0, 'explicitly_blocked': 18, 'running': 1, 'total': 19, 'unresolved': 0}
[2026-07-24T04:33:01Z] status=monitoring_active_professional_campaigns samples=1319/1319 rows=2638 audit={'accepted': 0, 'explicitly_blocked': 18, 'running': 1, 'total': 19, 'unresolved': 0}
[2026-07-24T04:36:07Z] status=monitoring_active_professional_campaigns samples=1319/1319 rows=2638 audit={'accepted': 0, 'explicitly_blocked': 18, 'running': 1, 'total': 19, 'unresolved': 0}
[2026-07-24T04:39:13Z] status=monitoring_active_professional_campaigns samples=1319/1319 rows=2638 audit={'accepted': 0, 'explicitly_blocked': 18, 'running': 1, 'total': 19, 'unresolved': 0}
[2026-07-24T04:42:20Z] status=monitoring_active_professional_campaigns samples=1319/1319 rows=2638 audit={'accepted': 0, 'explicitly_blocked': 18, 'running': 1, 'total': 19, 'unresolved': 0}
[2026-07-24T04:45:26Z] status=monitoring_active_professional_campaigns samples=1319/1319 rows=2638 audit={'accepted': 0, 'explicitly_blocked': 18, 'running': 1, 'total': 19, 'unresolved': 0}
[2026-07-24T04:48:32Z] status=monitoring_active_professional_campaigns samples=1319/1319 rows=2638 audit={'accepted': 0, 'explicitly_blocked': 18, 'running': 1, 'total': 19, 'unresolved': 0}
[2026-07-24T04:51:38Z] status=monitoring_active_professional_campaigns samples=1319/1319 rows=2638 audit={'accepted': 0, 'explicitly_blocked': 18, 'running': 1, 'total': 19, 'unresolved': 0}
[2026-07-24T04:54:44Z] status=monitoring_active_professional_campaigns samples=1319/1319 rows=2638 audit={'accepted': 0, 'explicitly_blocked': 18, 'running': 1, 'total': 19, 'unresolved': 0}
[2026-07-24T04:57:51Z] status=monitoring_active_professional_campaigns samples=1319/1319 rows=2638 audit={'accepted': 0, 'explicitly_blocked': 18, 'running': 1, 'total': 19, 'unresolved': 0}
[2026-07-24T05:00:57Z] status=monitoring_active_professional_campaigns samples=1319/1319 rows=2638 audit={'accepted': 0, 'explicitly_blocked': 18, 'running': 1, 'total': 19, 'unresolved': 0}
[2026-07-24T05:04:03Z] status=monitoring_active_professional_campaigns samples=1319/1319 rows=2638 audit={'accepted': 0, 'explicitly_blocked': 18, 'running': 1, 'total': 19, 'unresolved': 0}
[2026-07-24T05:07:09Z] status=monitoring_active_professional_campaigns samples=1319/1319 rows=2638 audit={'accepted': 0, 'explicitly_blocked': 18, 'running': 1, 'total': 19, 'unresolved': 0}
[2026-07-24T05:10:16Z] status=monitoring_active_professional_campaigns samples=1319/1319 rows=2638 audit={'accepted': 0, 'explicitly_blocked': 18, 'running': 1, 'total': 19, 'unresolved': 0}
[2026-07-24T05:13:22Z] status=monitoring_active_professional_campaigns samples=1319/1319 rows=2638 audit={'accepted': 0, 'explicitly_blocked': 18, 'running': 1, 'total': 19, 'unresolved': 0}
[2026-07-24T05:16:28Z] status=monitoring_active_professional_campaigns samples=1319/1319 rows=2638 audit={'accepted': 0, 'explicitly_blocked': 18, 'running': 1, 'total': 19, 'unresolved': 0}
[2026-07-24T05:19:34Z] status=monitoring_active_professional_campaigns samples=1319/1319 rows=2638 audit={'accepted': 0, 'explicitly_blocked': 18, 'running': 1, 'total': 19, 'unresolved': 0}
[2026-07-24T05:22:41Z] status=monitoring_active_professional_campaigns samples=1319/1319 rows=2638 audit={'accepted': 0, 'explicitly_blocked': 18, 'running': 1, 'total': 19, 'unresolved': 0}
[2026-07-24T05:25:47Z] status=monitoring_active_professional_campaigns samples=1319/1319 rows=2638 audit={'accepted': 0, 'explicitly_blocked': 18, 'running': 1, 'total': 19, 'unresolved': 0}
[2026-07-24T05:28:53Z] status=monitoring_active_professional_campaigns samples=1319/1319 rows=2638 audit={'accepted': 0, 'explicitly_blocked': 18, 'running': 1, 'total': 19, 'unresolved': 0}
[2026-07-24T05:32:00Z] status=monitoring_active_professional_campaigns samples=1319/1319 rows=2638 audit={'accepted': 0, 'explicitly_blocked': 18, 'running': 1, 'total': 19, 'unresolved': 0}
[2026-07-24T05:35:10Z] status=monitoring_active_professional_campaigns samples=1319/1319 rows=2638 audit={'accepted': 0, 'explicitly_blocked': 18, 'running': 1, 'total': 19, 'unresolved': 0}
[2026-07-24T05:38:17Z] status=monitoring_active_professional_campaigns samples=1319/1319 rows=2638 audit={'accepted': 0, 'explicitly_blocked': 18, 'running': 1, 'total': 19, 'unresolved': 0}
[2026-07-24T05:41:23Z] status=monitoring_active_professional_campaigns samples=1319/1319 rows=2638 audit={'accepted': 0, 'explicitly_blocked': 18, 'running': 1, 'total': 19, 'unresolved': 0}
[2026-07-24T05:44:29Z] status=monitoring_active_professional_campaigns samples=1319/1319 rows=2638 audit={'accepted': 0, 'explicitly_blocked': 18, 'running': 1, 'total': 19, 'unresolved': 0}
[2026-07-24T05:47:35Z] status=monitoring_active_professional_campaigns samples=1319/1319 rows=2638 audit={'accepted': 0, 'explicitly_blocked': 18, 'running': 1, 'total': 19, 'unresolved': 0}
[2026-07-24T05:50:42Z] status=monitoring_active_professional_campaigns samples=1319/1319 rows=2638 audit={'accepted': 0, 'explicitly_blocked': 18, 'running': 1, 'total': 19, 'unresolved': 0}
[2026-07-24T05:53:48Z] status=monitoring_active_professional_campaigns samples=1319/1319 rows=2638 audit={'accepted': 0, 'explicitly_blocked': 18, 'running': 1, 'total': 19, 'unresolved': 0}
[2026-07-24T05:56:54Z] status=monitoring_active_professional_campaigns samples=1319/1319 rows=2638 audit={'accepted': 0, 'explicitly_blocked': 18, 'running': 1, 'total': 19, 'unresolved': 0}
[2026-07-24T06:00:00Z] status=monitoring_active_professional_campaigns samples=1319/1319 rows=2638 audit={'accepted': 0, 'explicitly_blocked': 18, 'running': 1, 'total': 19, 'unresolved': 0}
[2026-07-24T06:03:07Z] status=monitoring_active_professional_campaigns samples=1319/1319 rows=2638 audit={'accepted': 0, 'explicitly_blocked': 18, 'running': 1, 'total': 19, 'unresolved': 0}
[2026-07-24T06:06:13Z] status=monitoring_active_professional_campaigns samples=1319/1319 rows=2638 audit={'accepted': 0, 'explicitly_blocked': 18, 'running': 1, 'total': 19, 'unresolved': 0}
[2026-07-24T06:09:19Z] status=monitoring_active_professional_campaigns samples=1319/1319 rows=2638 audit={'accepted': 0, 'explicitly_blocked': 18, 'running': 1, 'total': 19, 'unresolved': 0}
[2026-07-24T06:12:46Z] status=monitoring_active_professional_campaigns samples=1319/1319 rows=2638 audit={'accepted': 0, 'explicitly_blocked': 18, 'running': 1, 'total': 19, 'unresolved': 0}
[2026-07-24T06:15:52Z] status=monitoring_active_professional_campaigns samples=1319/1319 rows=2638 audit={'accepted': 0, 'explicitly_blocked': 18, 'running': 1, 'total': 19, 'unresolved': 0}
[2026-07-24T06:18:58Z] status=monitoring_active_professional_campaigns samples=1319/1319 rows=2638 audit={'accepted': 0, 'explicitly_blocked': 18, 'running': 1, 'total': 19, 'unresolved': 0}
[2026-07-24T06:22:04Z] status=monitoring_active_professional_campaigns samples=1319/1319 rows=2638 audit={'accepted': 0, 'explicitly_blocked': 18, 'running': 1, 'total': 19, 'unresolved': 0}
[2026-07-24T06:25:11Z] status=monitoring_active_professional_campaigns samples=1319/1319 rows=2638 audit={'accepted': 0, 'explicitly_blocked': 18, 'running': 1, 'total': 19, 'unresolved': 0}
[2026-07-24T06:28:17Z] status=monitoring_active_professional_campaigns samples=1319/1319 rows=2638 audit={'accepted': 0, 'explicitly_blocked': 18, 'running': 1, 'total': 19, 'unresolved': 0}
[2026-07-24T06:31:23Z] status=monitoring_active_professional_campaigns samples=1319/1319 rows=2638 audit={'accepted': 0, 'explicitly_blocked': 18, 'running': 1, 'total': 19, 'unresolved': 0}
[2026-07-24T06:34:30Z] status=monitoring_active_professional_campaigns samples=1319/1319 rows=2638 audit={'accepted': 0, 'explicitly_blocked': 18, 'running': 1, 'total': 19, 'unresolved': 0}
[2026-07-24T06:37:36Z] status=monitoring_active_professional_campaigns samples=1319/1319 rows=2638 audit={'accepted': 0, 'explicitly_blocked': 18, 'running': 1, 'total': 19, 'unresolved': 0}
[2026-07-24T06:40:42Z] status=monitoring_active_professional_campaigns samples=1319/1319 rows=2638 audit={'accepted': 0, 'explicitly_blocked': 18, 'running': 1, 'total': 19, 'unresolved': 0}
[2026-07-24T06:43:48Z] status=monitoring_active_professional_campaigns samples=1319/1319 rows=2638 audit={'accepted': 0, 'explicitly_blocked': 18, 'running': 1, 'total': 19, 'unresolved': 0}
[2026-07-24T06:46:55Z] status=monitoring_active_professional_campaigns samples=1319/1319 rows=2638 audit={'accepted': 0, 'explicitly_blocked': 18, 'running': 1, 'total': 19, 'unresolved': 0}
[2026-07-24T06:50:01Z] status=monitoring_active_professional_campaigns samples=1319/1319 rows=2638 audit={'accepted': 0, 'explicitly_blocked': 18, 'running': 1, 'total': 19, 'unresolved': 0}
[2026-07-24T06:53:07Z] status=monitoring_active_professional_campaigns samples=1319/1319 rows=2638 audit={'accepted': 0, 'explicitly_blocked': 18, 'running': 1, 'total': 19, 'unresolved': 0}
[2026-07-24T06:56:14Z] status=monitoring_active_professional_campaigns samples=1319/1319 rows=2638 audit={'accepted': 0, 'explicitly_blocked': 18, 'running': 1, 'total': 19, 'unresolved': 0}
[2026-07-24T06:59:20Z] status=monitoring_active_professional_campaigns samples=1319/1319 rows=2638 audit={'accepted': 0, 'explicitly_blocked': 18, 'running': 1, 'total': 19, 'unresolved': 0}
[2026-07-24T07:02:26Z] status=monitoring_active_professional_campaigns samples=1319/1319 rows=2638 audit={'accepted': 0, 'explicitly_blocked': 18, 'running': 1, 'total': 19, 'unresolved': 0}
[2026-07-24T07:05:33Z] status=monitoring_active_professional_campaigns samples=1319/1319 rows=2638 audit={'accepted': 0, 'explicitly_blocked': 18, 'running': 1, 'total': 19, 'unresolved': 0}
[2026-07-24T07:08:39Z] status=monitoring_active_professional_campaigns samples=1319/1319 rows=2638 audit={'accepted': 0, 'explicitly_blocked': 18, 'running': 1, 'total': 19, 'unresolved': 0}
[2026-07-24T07:11:46Z] status=monitoring_active_professional_campaigns samples=1319/1319 rows=2638 audit={'accepted': 0, 'explicitly_blocked': 18, 'running': 1, 'total': 19, 'unresolved': 0}
[2026-07-24T07:14:52Z] status=monitoring_active_professional_campaigns samples=1319/1319 rows=2638 audit={'accepted': 0, 'explicitly_blocked': 18, 'running': 1, 'total': 19, 'unresolved': 0}
[2026-07-24T07:17:58Z] status=monitoring_active_professional_campaigns samples=1319/1319 rows=2638 audit={'accepted': 0, 'explicitly_blocked': 18, 'running': 1, 'total': 19, 'unresolved': 0}
[2026-07-24T07:21:05Z] status=monitoring_active_professional_campaigns samples=1319/1319 rows=2638 audit={'accepted': 0, 'explicitly_blocked': 18, 'running': 1, 'total': 19, 'unresolved': 0}
[2026-07-24T07:24:11Z] status=monitoring_active_professional_campaigns samples=1319/1319 rows=2638 audit={'accepted': 0, 'explicitly_blocked': 18, 'running': 1, 'total': 19, 'unresolved': 0}
[2026-07-24T07:27:17Z] status=monitoring_active_professional_campaigns samples=1319/1319 rows=2638 audit={'accepted': 0, 'explicitly_blocked': 18, 'running': 1, 'total': 19, 'unresolved': 0}
[2026-07-24T07:30:28Z] status=monitoring_active_professional_campaigns samples=1319/1319 rows=2638 audit={'accepted': 0, 'explicitly_blocked': 18, 'running': 1, 'total': 19, 'unresolved': 0}
[2026-07-24T07:33:34Z] status=monitoring_active_professional_campaigns samples=1319/1319 rows=2638 audit={'accepted': 0, 'explicitly_blocked': 18, 'running': 1, 'total': 19, 'unresolved': 0}
[2026-07-24T07:36:41Z] status=monitoring_active_professional_campaigns samples=1319/1319 rows=2638 audit={'accepted': 0, 'explicitly_blocked': 18, 'running': 1, 'total': 19, 'unresolved': 0}
[2026-07-24T07:39:47Z] status=monitoring_active_professional_campaigns samples=1319/1319 rows=2638 audit={'accepted': 0, 'explicitly_blocked': 18, 'running': 1, 'total': 19, 'unresolved': 0}
[2026-07-24T07:42:54Z] status=monitoring_active_professional_campaigns samples=1319/1319 rows=2638 audit={'accepted': 0, 'explicitly_blocked': 18, 'running': 1, 'total': 19, 'unresolved': 0}
[2026-07-24T07:46:00Z] status=monitoring_active_professional_campaigns samples=1319/1319 rows=2638 audit={'accepted': 0, 'explicitly_blocked': 18, 'running': 1, 'total': 19, 'unresolved': 0}
[2026-07-24T07:49:07Z] status=monitoring_active_professional_campaigns samples=1319/1319 rows=2638 audit={'accepted': 0, 'explicitly_blocked': 18, 'running': 1, 'total': 19, 'unresolved': 0}
[2026-07-24T07:52:13Z] status=monitoring_active_professional_campaigns samples=1319/1319 rows=2638 audit={'accepted': 0, 'explicitly_blocked': 18, 'running': 1, 'total': 19, 'unresolved': 0}
[2026-07-24T07:55:19Z] status=monitoring_active_professional_campaigns samples=1319/1319 rows=2638 audit={'accepted': 0, 'explicitly_blocked': 18, 'running': 1, 'total': 19, 'unresolved': 0}
[2026-07-24T07:58:26Z] status=monitoring_active_professional_campaigns samples=1319/1319 rows=2638 audit={'accepted': 0, 'explicitly_blocked': 18, 'running': 1, 'total': 19, 'unresolved': 0}
[2026-07-24T08:01:32Z] status=monitoring_active_professional_campaigns samples=1319/1319 rows=2638 audit={'accepted': 0, 'explicitly_blocked': 18, 'running': 1, 'total': 19, 'unresolved': 0}
[2026-07-24T08:04:38Z] status=monitoring_active_professional_campaigns samples=1319/1319 rows=2638 audit={'accepted': 0, 'explicitly_blocked': 18, 'running': 1, 'total': 19, 'unresolved': 0}
[2026-07-24T08:07:45Z] status=monitoring_active_professional_campaigns samples=1319/1319 rows=2638 audit={'accepted': 0, 'explicitly_blocked': 18, 'running': 1, 'total': 19, 'unresolved': 0}
[2026-07-24T08:10:51Z] status=monitoring_active_professional_campaigns samples=1319/1319 rows=2638 audit={'accepted': 0, 'explicitly_blocked': 18, 'running': 1, 'total': 19, 'unresolved': 0}
[2026-07-24T08:13:58Z] status=monitoring_active_professional_campaigns samples=1319/1319 rows=2638 audit={'accepted': 0, 'explicitly_blocked': 18, 'running': 1, 'total': 19, 'unresolved': 0}
[2026-07-24T08:17:04Z] status=monitoring_active_professional_campaigns samples=1319/1319 rows=2638 audit={'accepted': 0, 'explicitly_blocked': 18, 'running': 1, 'total': 19, 'unresolved': 0}
[2026-07-24T08:20:10Z] status=monitoring_active_professional_campaigns samples=1319/1319 rows=2638 audit={'accepted': 0, 'explicitly_blocked': 18, 'running': 1, 'total': 19, 'unresolved': 0}
[2026-07-24T08:23:17Z] status=monitoring_active_professional_campaigns samples=1319/1319 rows=2638 audit={'accepted': 0, 'explicitly_blocked': 18, 'running': 1, 'total': 19, 'unresolved': 0}
[2026-07-24T08:26:23Z] status=monitoring_active_professional_campaigns samples=1319/1319 rows=2638 audit={'accepted': 0, 'explicitly_blocked': 18, 'running': 1, 'total': 19, 'unresolved': 0}
[2026-07-24T08:29:30Z] status=monitoring_active_professional_campaigns samples=1319/1319 rows=2638 audit={'accepted': 0, 'explicitly_blocked': 18, 'running': 1, 'total': 19, 'unresolved': 0}
[2026-07-24T08:32:36Z] status=monitoring_active_professional_campaigns samples=1319/1319 rows=2638 audit={'accepted': 0, 'explicitly_blocked': 18, 'running': 1, 'total': 19, 'unresolved': 0}
[2026-07-24T08:35:43Z] status=monitoring_active_professional_campaigns samples=1319/1319 rows=2638 audit={'accepted': 0, 'explicitly_blocked': 18, 'running': 1, 'total': 19, 'unresolved': 0}
[2026-07-24T08:38:49Z] status=monitoring_active_professional_campaigns samples=1319/1319 rows=2638 audit={'accepted': 0, 'explicitly_blocked': 18, 'running': 1, 'total': 19, 'unresolved': 0}
[2026-07-24T08:41:55Z] status=monitoring_active_professional_campaigns samples=1319/1319 rows=2638 audit={'accepted': 0, 'explicitly_blocked': 18, 'running': 1, 'total': 19, 'unresolved': 0}
[2026-07-24T08:45:02Z] status=monitoring_active_professional_campaigns samples=1319/1319 rows=2638 audit={'accepted': 0, 'explicitly_blocked': 18, 'running': 1, 'total': 19, 'unresolved': 0}
[2026-07-24T08:48:08Z] status=monitoring_active_professional_campaigns samples=1319/1319 rows=2638 audit={'accepted': 0, 'explicitly_blocked': 18, 'running': 1, 'total': 19, 'unresolved': 0}
[2026-07-24T08:51:15Z] status=monitoring_active_professional_campaigns samples=1319/1319 rows=2638 audit={'accepted': 0, 'explicitly_blocked': 18, 'running': 1, 'total': 19, 'unresolved': 0}
[2026-07-24T08:54:21Z] status=monitoring_active_professional_campaigns samples=1319/1319 rows=2638 audit={'accepted': 0, 'explicitly_blocked': 18, 'running': 1, 'total': 19, 'unresolved': 0}
[2026-07-24T08:57:28Z] status=monitoring_active_professional_campaigns samples=1319/1319 rows=2638 audit={'accepted': 0, 'explicitly_blocked': 18, 'running': 1, 'total': 19, 'unresolved': 0}
[2026-07-24T09:00:34Z] status=monitoring_active_professional_campaigns samples=1319/1319 rows=2638 audit={'accepted': 0, 'explicitly_blocked': 18, 'running': 1, 'total': 19, 'unresolved': 0}
[2026-07-24T09:03:40Z] status=monitoring_active_professional_campaigns samples=1319/1319 rows=2638 audit={'accepted': 0, 'explicitly_blocked': 18, 'running': 1, 'total': 19, 'unresolved': 0}
[2026-07-24T09:06:47Z] status=monitoring_active_professional_campaigns samples=1319/1319 rows=2638 audit={'accepted': 0, 'explicitly_blocked': 18, 'running': 1, 'total': 19, 'unresolved': 0}
[2026-07-24T09:09:54Z] status=monitoring_active_professional_campaigns samples=1319/1319 rows=2638 audit={'accepted': 0, 'explicitly_blocked': 18, 'running': 1, 'total': 19, 'unresolved': 0}
[2026-07-24T09:13:00Z] status=monitoring_active_professional_campaigns samples=1319/1319 rows=2638 audit={'accepted': 0, 'explicitly_blocked': 18, 'running': 1, 'total': 19, 'unresolved': 0}
[2026-07-24T09:16:07Z] status=monitoring_active_professional_campaigns samples=1319/1319 rows=2638 audit={'accepted': 0, 'explicitly_blocked': 18, 'running': 1, 'total': 19, 'unresolved': 0}
[2026-07-24T09:19:18Z] status=monitoring_active_professional_campaigns samples=1319/1319 rows=2638 audit={'accepted': 0, 'explicitly_blocked': 18, 'running': 1, 'total': 19, 'unresolved': 0}
[2026-07-24T09:22:26Z] status=monitoring_active_professional_campaigns samples=1319/1319 rows=2638 audit={'accepted': 0, 'explicitly_blocked': 18, 'running': 1, 'total': 19, 'unresolved': 0}
[2026-07-24T09:25:32Z] status=monitoring_active_professional_campaigns samples=1319/1319 rows=2638 audit={'accepted': 0, 'explicitly_blocked': 18, 'running': 1, 'total': 19, 'unresolved': 0}
[2026-07-24T09:28:39Z] status=monitoring_active_professional_campaigns samples=1319/1319 rows=2638 audit={'accepted': 0, 'explicitly_blocked': 18, 'running': 1, 'total': 19, 'unresolved': 0}
[2026-07-24T09:31:46Z] status=monitoring_active_professional_campaigns samples=1319/1319 rows=2638 audit={'accepted': 0, 'explicitly_blocked': 18, 'running': 1, 'total': 19, 'unresolved': 0}
[2026-07-24T09:34:52Z] status=monitoring_active_professional_campaigns samples=1319/1319 rows=2638 audit={'accepted': 0, 'explicitly_blocked': 18, 'running': 1, 'total': 19, 'unresolved': 0}
[2026-07-24T09:37:59Z] status=monitoring_active_professional_campaigns samples=1319/1319 rows=2638 audit={'accepted': 0, 'explicitly_blocked': 18, 'running': 1, 'total': 19, 'unresolved': 0}
[2026-07-24T09:41:06Z] status=monitoring_active_professional_campaigns samples=1319/1319 rows=2638 audit={'accepted': 0, 'explicitly_blocked': 18, 'running': 1, 'total': 19, 'unresolved': 0}
[2026-07-24T09:44:12Z] status=monitoring_active_professional_campaigns samples=1319/1319 rows=2638 audit={'accepted': 0, 'explicitly_blocked': 18, 'running': 1, 'total': 19, 'unresolved': 0}
[2026-07-24T09:47:19Z] status=monitoring_active_professional_campaigns samples=1319/1319 rows=2638 audit={'accepted': 0, 'explicitly_blocked': 18, 'running': 1, 'total': 19, 'unresolved': 0}
[2026-07-24T09:50:26Z] status=monitoring_active_professional_campaigns samples=1319/1319 rows=2638 audit={'accepted': 0, 'explicitly_blocked': 18, 'running': 1, 'total': 19, 'unresolved': 0}
[2026-07-24T09:53:32Z] status=monitoring_active_professional_campaigns samples=1319/1319 rows=2638 audit={'accepted': 0, 'explicitly_blocked': 18, 'running': 1, 'total': 19, 'unresolved': 0}
[2026-07-24T09:56:39Z] status=monitoring_active_professional_campaigns samples=1319/1319 rows=2638 audit={'accepted': 0, 'explicitly_blocked': 18, 'running': 1, 'total': 19, 'unresolved': 0}
[2026-07-24T09:59:46Z] status=monitoring_active_professional_campaigns samples=1319/1319 rows=2638 audit={'accepted': 0, 'explicitly_blocked': 18, 'running': 1, 'total': 19, 'unresolved': 0}
[2026-07-24T10:02:52Z] status=monitoring_active_professional_campaigns samples=1319/1319 rows=2638 audit={'accepted': 0, 'explicitly_blocked': 18, 'running': 1, 'total': 19, 'unresolved': 0}
[2026-07-24T10:05:59Z] status=monitoring_active_professional_campaigns samples=1319/1319 rows=2638 audit={'accepted': 0, 'explicitly_blocked': 18, 'running': 1, 'total': 19, 'unresolved': 0}
[2026-07-24T10:09:06Z] status=monitoring_active_professional_campaigns samples=1319/1319 rows=2638 audit={'accepted': 0, 'explicitly_blocked': 18, 'running': 1, 'total': 19, 'unresolved': 0}
[2026-07-24T10:12:13Z] status=monitoring_active_professional_campaigns samples=1319/1319 rows=2638 audit={'accepted': 0, 'explicitly_blocked': 18, 'running': 1, 'total': 19, 'unresolved': 0}
[2026-07-24T10:15:20Z] status=monitoring_active_professional_campaigns samples=1319/1319 rows=2638 audit={'accepted': 0, 'explicitly_blocked': 18, 'running': 1, 'total': 19, 'unresolved': 0}
[2026-07-24T10:18:28Z] status=monitoring_active_professional_campaigns samples=1319/1319 rows=2638 audit={'accepted': 0, 'explicitly_blocked': 18, 'running': 1, 'total': 19, 'unresolved': 0}
[2026-07-24T10:21:35Z] status=monitoring_active_professional_campaigns samples=1319/1319 rows=2638 audit={'accepted': 0, 'explicitly_blocked': 18, 'running': 1, 'total': 19, 'unresolved': 0}
[2026-07-24T10:24:43Z] status=monitoring_active_professional_campaigns samples=1319/1319 rows=2638 audit={'accepted': 0, 'explicitly_blocked': 18, 'running': 1, 'total': 19, 'unresolved': 0}
[2026-07-24T10:27:50Z] status=monitoring_active_professional_campaigns samples=1319/1319 rows=2638 audit={'accepted': 0, 'explicitly_blocked': 18, 'running': 1, 'total': 19, 'unresolved': 0}
[2026-07-24T10:30:57Z] status=monitoring_active_professional_campaigns samples=1319/1319 rows=2638 audit={'accepted': 0, 'explicitly_blocked': 18, 'running': 1, 'total': 19, 'unresolved': 0}
[2026-07-24T10:34:06Z] status=monitoring_active_professional_campaigns samples=1319/1319 rows=2638 audit={'accepted': 0, 'explicitly_blocked': 18, 'running': 1, 'total': 19, 'unresolved': 0}
[2026-07-24T10:37:18Z] status=monitoring_active_professional_campaigns samples=1319/1319 rows=2638 audit={'accepted': 0, 'explicitly_blocked': 18, 'running': 1, 'total': 19, 'unresolved': 0}
[2026-07-24T10:40:27Z] status=monitoring_active_professional_campaigns samples=1319/1319 rows=2638 audit={'accepted': 0, 'explicitly_blocked': 18, 'running': 1, 'total': 19, 'unresolved': 0}
[2026-07-24T10:43:36Z] status=monitoring_active_professional_campaigns samples=1319/1319 rows=2638 audit={'accepted': 0, 'explicitly_blocked': 18, 'running': 1, 'total': 19, 'unresolved': 0}
[2026-07-24T10:46:43Z] status=monitoring_active_professional_campaigns samples=1319/1319 rows=2638 audit={'accepted': 0, 'explicitly_blocked': 18, 'running': 1, 'total': 19, 'unresolved': 0}
[2026-07-24T10:47:08Z] status=monitoring_active_professional_campaigns samples=1319/1319 rows=2638 audit={'accepted': 0, 'explicitly_blocked': 18, 'running': 1, 'total': 19, 'unresolved': 0}
[2026-07-24T10:47:53Z] status=monitoring_active_professional_campaigns samples=1319/1319 rows=2638 audit={'accepted': 0, 'explicitly_blocked': 18, 'running': 1, 'total': 19, 'unresolved': 0}
[2026-07-24T10:51:00Z] status=monitoring_active_professional_campaigns samples=1319/1319 rows=2638 audit={'accepted': 0, 'explicitly_blocked': 18, 'running': 1, 'total': 19, 'unresolved': 0}
[2026-07-24T10:51:21Z] status=monitoring_active_professional_campaigns samples=1319/1319 rows=2638 audit={'accepted': 0, 'explicitly_blocked': 18, 'running': 1, 'total': 19, 'unresolved': 0}
[2026-07-24T10:52:28Z] status=monitoring_active_professional_campaigns samples=1319/1319 rows=2638 audit={'accepted': 0, 'explicitly_blocked': 18, 'running': 1, 'total': 19, 'unresolved': 0}
[2026-07-24T10:53:35Z] status=monitoring_active_professional_campaigns samples=1319/1319 rows=2638 audit={'accepted': 0, 'explicitly_blocked': 18, 'running': 1, 'total': 19, 'unresolved': 0}
[2026-07-24T10:53:54Z] status=monitoring_active_professional_campaigns samples=1319/1319 rows=2638 audit={'accepted': 0, 'explicitly_blocked': 18, 'running': 1, 'total': 19, 'unresolved': 0}
[2026-07-24T10:54:01Z] status=monitoring_active_professional_campaigns samples=1319/1319 rows=2638 audit={'accepted': 0, 'explicitly_blocked': 18, 'running': 1, 'total': 19, 'unresolved': 0}
[2026-07-24T10:55:08Z] status=monitoring_active_professional_campaigns samples=1319/1319 rows=2638 audit={'accepted': 0, 'explicitly_blocked': 18, 'running': 1, 'total': 19, 'unresolved': 0}
[2026-07-24T10:56:15Z] status=monitoring_active_professional_campaigns samples=1319/1319 rows=2638 audit={'accepted': 0, 'explicitly_blocked': 18, 'running': 1, 'total': 19, 'unresolved': 0}
[2026-07-24T10:57:23Z] status=monitoring_active_professional_campaigns samples=1319/1319 rows=2638 audit={'accepted': 0, 'explicitly_blocked': 18, 'running': 1, 'total': 19, 'unresolved': 0}
[2026-07-24T10:58:30Z] status=monitoring_active_professional_campaigns samples=1319/1319 rows=2638 audit={'accepted': 0, 'explicitly_blocked': 18, 'running': 1, 'total': 19, 'unresolved': 0}
[2026-07-24T10:59:37Z] status=monitoring_active_professional_campaigns samples=1319/1319 rows=2638 audit={'accepted': 0, 'explicitly_blocked': 18, 'running': 1, 'total': 19, 'unresolved': 0}
[2026-07-24T11:00:45Z] status=monitoring_active_professional_campaigns samples=1319/1319 rows=2638 audit={'accepted': 0, 'explicitly_blocked': 18, 'running': 1, 'total': 19, 'unresolved': 0}
[2026-07-24T11:01:52Z] status=monitoring_active_professional_campaigns samples=1319/1319 rows=2638 audit={'accepted': 0, 'explicitly_blocked': 18, 'running': 1, 'total': 19, 'unresolved': 0}
[2026-07-24T11:02:59Z] status=monitoring_active_professional_campaigns samples=1319/1319 rows=2638 audit={'accepted': 0, 'explicitly_blocked': 18, 'running': 1, 'total': 19, 'unresolved': 0}
[2026-07-24T11:04:06Z] status=monitoring_active_professional_campaigns samples=1319/1319 rows=2638 audit={'accepted': 0, 'explicitly_blocked': 18, 'running': 1, 'total': 19, 'unresolved': 0}
[2026-07-24T11:05:14Z] status=monitoring_active_professional_campaigns samples=1319/1319 rows=2638 audit={'accepted': 0, 'explicitly_blocked': 18, 'running': 1, 'total': 19, 'unresolved': 0}
[2026-07-24T11:06:21Z] status=monitoring_active_professional_campaigns samples=1319/1319 rows=2638 audit={'accepted': 0, 'explicitly_blocked': 18, 'running': 1, 'total': 19, 'unresolved': 0}
[2026-07-24T11:07:28Z] status=monitoring_active_professional_campaigns samples=1319/1319 rows=2638 audit={'accepted': 0, 'explicitly_blocked': 18, 'running': 1, 'total': 19, 'unresolved': 0}
[2026-07-24T11:08:35Z] status=monitoring_active_professional_campaigns samples=1319/1319 rows=2638 audit={'accepted': 0, 'explicitly_blocked': 18, 'running': 1, 'total': 19, 'unresolved': 0}
[2026-07-24T11:09:42Z] status=monitoring_active_professional_campaigns samples=1319/1319 rows=2638 audit={'accepted': 0, 'explicitly_blocked': 18, 'running': 1, 'total': 19, 'unresolved': 0}
[2026-07-24T11:10:50Z] status=monitoring_active_professional_campaigns samples=1319/1319 rows=2638 audit={'accepted': 0, 'explicitly_blocked': 18, 'running': 1, 'total': 19, 'unresolved': 0}
[2026-07-24T11:11:57Z] status=monitoring_active_professional_campaigns samples=1319/1319 rows=2638 audit={'accepted': 0, 'explicitly_blocked': 18, 'running': 1, 'total': 19, 'unresolved': 0}
[2026-07-24T11:13:04Z] status=monitoring_active_professional_campaigns samples=1319/1319 rows=2638 audit={'accepted': 0, 'explicitly_blocked': 18, 'running': 1, 'total': 19, 'unresolved': 0}
[2026-07-24T11:14:11Z] status=monitoring_active_professional_campaigns samples=1319/1319 rows=2638 audit={'accepted': 0, 'explicitly_blocked': 18, 'running': 1, 'total': 19, 'unresolved': 0}
[2026-07-24T11:15:18Z] status=monitoring_active_professional_campaigns samples=1319/1319 rows=2638 audit={'accepted': 0, 'explicitly_blocked': 18, 'running': 1, 'total': 19, 'unresolved': 0}
[2026-07-24T11:16:25Z] status=monitoring_active_professional_campaigns samples=1319/1319 rows=2638 audit={'accepted': 0, 'explicitly_blocked': 18, 'running': 1, 'total': 19, 'unresolved': 0}
[2026-07-24T11:17:33Z] status=monitoring_active_professional_campaigns samples=1319/1319 rows=2638 audit={'accepted': 0, 'explicitly_blocked': 18, 'running': 1, 'total': 19, 'unresolved': 0}
[2026-07-24T11:18:40Z] status=monitoring_active_professional_campaigns samples=1319/1319 rows=2638 audit={'accepted': 0, 'explicitly_blocked': 18, 'running': 1, 'total': 19, 'unresolved': 0}
[2026-07-24T11:19:47Z] status=monitoring_active_professional_campaigns samples=1319/1319 rows=2638 audit={'accepted': 0, 'explicitly_blocked': 18, 'running': 1, 'total': 19, 'unresolved': 0}
[2026-07-24T11:20:55Z] status=monitoring_active_professional_campaigns samples=1319/1319 rows=2638 audit={'accepted': 0, 'explicitly_blocked': 18, 'running': 1, 'total': 19, 'unresolved': 0}
[2026-07-24T11:22:02Z] status=monitoring_active_professional_campaigns samples=1319/1319 rows=2638 audit={'accepted': 0, 'explicitly_blocked': 18, 'running': 1, 'total': 19, 'unresolved': 0}
[2026-07-24T12:22:16Z] status=monitoring_active_professional_campaigns samples=1319/1319 rows=2638 audit={'accepted': 0, 'explicitly_blocked': 18, 'running': 1, 'total': 19, 'unresolved': 0}
[2026-07-24T12:22:23Z] status=monitoring_active_professional_campaigns samples=1319/1319 rows=2638 audit={'accepted': 0, 'explicitly_blocked': 18, 'running': 1, 'total': 19, 'unresolved': 0}
[2026-07-24T12:23:27Z] status=monitoring_active_professional_campaigns samples=1319/1319 rows=2638 audit={'accepted': 0, 'explicitly_blocked': 18, 'running': 1, 'total': 19, 'unresolved': 0}
[2026-07-24T12:23:28Z] status=monitoring_active_professional_campaigns samples=1319/1319 rows=2638 audit={'accepted': 0, 'explicitly_blocked': 18, 'running': 1, 'total': 19, 'unresolved': 0}
[2026-07-24T12:24:35Z] status=monitoring_active_professional_campaigns samples=1319/1319 rows=2638 audit={'accepted': 0, 'explicitly_blocked': 18, 'running': 1, 'total': 19, 'unresolved': 0}
[2026-07-24T12:25:42Z] status=monitoring_active_professional_campaigns samples=1319/1319 rows=2638 audit={'accepted': 0, 'explicitly_blocked': 18, 'running': 1, 'total': 19, 'unresolved': 0}
[2026-07-24T12:26:49Z] status=monitoring_active_professional_campaigns samples=1319/1319 rows=2638 audit={'accepted': 0, 'explicitly_blocked': 18, 'running': 1, 'total': 19, 'unresolved': 0}
[2026-07-24T12:27:11Z] status=monitoring_active_professional_campaigns samples=1319/1319 rows=2638 audit={'accepted': 0, 'explicitly_blocked': 18, 'running': 1, 'total': 19, 'unresolved': 0}
[2026-07-24T12:27:56Z] status=monitoring_active_professional_campaigns samples=1319/1319 rows=2638 audit={'accepted': 0, 'explicitly_blocked': 18, 'running': 1, 'total': 19, 'unresolved': 0}
[2026-07-24T12:29:03Z] status=monitoring_active_professional_campaigns samples=1319/1319 rows=2638 audit={'accepted': 0, 'explicitly_blocked': 18, 'running': 1, 'total': 19, 'unresolved': 0}
[2026-07-24T12:30:04Z] status=monitoring_active_professional_campaigns samples=1319/1319 rows=2638 audit={'accepted': 0, 'explicitly_blocked': 18, 'running': 1, 'total': 19, 'unresolved': 0}
[2026-07-24T12:30:10Z] status=monitoring_active_professional_campaigns samples=1319/1319 rows=2638 audit={'accepted': 0, 'explicitly_blocked': 18, 'running': 1, 'total': 19, 'unresolved': 0}
[2026-07-24T12:31:21Z] status=monitoring_active_professional_campaigns samples=1319/1319 rows=2638 audit={'accepted': 0, 'explicitly_blocked': 18, 'running': 1, 'total': 19, 'unresolved': 0}
[2026-07-24T12:32:28Z] status=monitoring_active_professional_campaigns samples=1319/1319 rows=2638 audit={'accepted': 0, 'explicitly_blocked': 18, 'running': 1, 'total': 19, 'unresolved': 0}
[2026-07-24T12:33:35Z] status=monitoring_active_professional_campaigns samples=1319/1319 rows=2638 audit={'accepted': 0, 'explicitly_blocked': 18, 'running': 1, 'total': 19, 'unresolved': 0}
[2026-07-24T12:34:43Z] status=monitoring_active_professional_campaigns samples=1319/1319 rows=2638 audit={'accepted': 0, 'explicitly_blocked': 18, 'running': 1, 'total': 19, 'unresolved': 0}
[2026-07-24T12:35:14Z] status=monitoring_active_professional_campaigns samples=1319/1319 rows=2638 audit={'accepted': 0, 'explicitly_blocked': 18, 'running': 1, 'total': 19, 'unresolved': 0}
[2026-07-24T12:35:50Z] status=monitoring_active_professional_campaigns samples=1319/1319 rows=2638 audit={'accepted': 0, 'explicitly_blocked': 18, 'running': 1, 'total': 19, 'unresolved': 0}
[2026-07-24T12:36:57Z] status=monitoring_active_professional_campaigns samples=1319/1319 rows=2638 audit={'accepted': 0, 'explicitly_blocked': 18, 'running': 1, 'total': 19, 'unresolved': 0}
[2026-07-24T12:38:04Z] status=monitoring_active_professional_campaigns samples=1319/1319 rows=2638 audit={'accepted': 0, 'explicitly_blocked': 18, 'running': 1, 'total': 19, 'unresolved': 0}
[2026-07-24T12:38:21Z] status=monitoring_active_professional_campaigns samples=1319/1319 rows=2638 audit={'accepted': 0, 'explicitly_blocked': 18, 'running': 1, 'total': 19, 'unresolved': 0}
[2026-07-24T12:39:11Z] status=monitoring_active_professional_campaigns samples=1319/1319 rows=2638 audit={'accepted': 0, 'explicitly_blocked': 18, 'running': 1, 'total': 19, 'unresolved': 0}
[2026-07-24T12:40:18Z] status=monitoring_active_professional_campaigns samples=1319/1319 rows=2638 audit={'accepted': 0, 'explicitly_blocked': 18, 'running': 1, 'total': 19, 'unresolved': 0}
[2026-07-24T12:41:26Z] status=monitoring_active_professional_campaigns samples=1319/1319 rows=2638 audit={'accepted': 0, 'explicitly_blocked': 18, 'running': 1, 'total': 19, 'unresolved': 0}
[2026-07-24T12:42:33Z] status=monitoring_active_professional_campaigns samples=1319/1319 rows=2638 audit={'accepted': 0, 'explicitly_blocked': 18, 'running': 1, 'total': 19, 'unresolved': 0}
[2026-07-24T12:43:40Z] status=monitoring_active_professional_campaigns samples=1319/1319 rows=2638 audit={'accepted': 0, 'explicitly_blocked': 18, 'running': 1, 'total': 19, 'unresolved': 0}
[2026-07-24T12:44:40Z] status=monitoring_active_professional_campaigns samples=1319/1319 rows=2638 audit={'accepted': 0, 'explicitly_blocked': 18, 'running': 1, 'total': 19, 'unresolved': 0}
[2026-07-24T12:44:47Z] status=monitoring_active_professional_campaigns samples=1319/1319 rows=2638 audit={'accepted': 0, 'explicitly_blocked': 18, 'running': 1, 'total': 19, 'unresolved': 0}
[2026-07-24T12:45:54Z] status=monitoring_active_professional_campaigns samples=1319/1319 rows=2638 audit={'accepted': 0, 'explicitly_blocked': 18, 'running': 1, 'total': 19, 'unresolved': 0}
[2026-07-24T12:46:15Z] status=monitoring_active_professional_campaigns samples=1319/1319 rows=2638 audit={'accepted': 0, 'explicitly_blocked': 18, 'running': 1, 'total': 19, 'unresolved': 0}
[2026-07-24T12:47:01Z] status=monitoring_active_professional_campaigns samples=1319/1319 rows=2638 audit={'accepted': 0, 'explicitly_blocked': 18, 'running': 1, 'total': 19, 'unresolved': 0}
[2026-07-24T12:48:08Z] status=monitoring_active_professional_campaigns samples=1319/1319 rows=2638 audit={'accepted': 0, 'explicitly_blocked': 18, 'running': 1, 'total': 19, 'unresolved': 0}
[2026-07-24T12:49:08Z] status=monitoring_active_professional_campaigns samples=1319/1319 rows=2638 audit={'accepted': 0, 'explicitly_blocked': 18, 'running': 1, 'total': 19, 'unresolved': 0}
[2026-07-24T12:49:16Z] status=monitoring_active_professional_campaigns samples=1319/1319 rows=2638 audit={'accepted': 0, 'explicitly_blocked': 18, 'running': 1, 'total': 19, 'unresolved': 0}
[2026-07-24T12:50:22Z] status=monitoring_active_professional_campaigns samples=1319/1319 rows=2638 audit={'accepted': 0, 'explicitly_blocked': 18, 'running': 1, 'total': 19, 'unresolved': 0}
[2026-07-24T12:51:30Z] status=monitoring_active_professional_campaigns samples=1319/1319 rows=2638 audit={'accepted': 0, 'explicitly_blocked': 18, 'running': 1, 'total': 19, 'unresolved': 0}
[2026-07-24T12:51:50Z] status=monitoring_active_professional_campaigns samples=1319/1319 rows=2638 audit={'accepted': 0, 'explicitly_blocked': 18, 'running': 1, 'total': 19, 'unresolved': 0}
[2026-07-24T12:53:18Z] status=monitoring_active_professional_campaigns samples=1319/1319 rows=2638 audit={'accepted': 0, 'explicitly_blocked': 18, 'running': 1, 'total': 19, 'unresolved': 0}
[2026-07-24T12:54:26Z] status=monitoring_active_professional_campaigns samples=1319/1319 rows=2638 audit={'accepted': 0, 'explicitly_blocked': 18, 'running': 1, 'total': 19, 'unresolved': 0}
[2026-07-24T12:54:42Z] status=monitoring_active_professional_campaigns samples=1319/1319 rows=2638 audit={'accepted': 0, 'explicitly_blocked': 18, 'running': 1, 'total': 19, 'unresolved': 0}
[2026-07-24T12:55:18Z] status=monitoring_active_professional_campaigns samples=1319/1319 rows=2638 audit={'accepted': 0, 'explicitly_blocked': 18, 'running': 1, 'total': 19, 'unresolved': 0}
[2026-07-24T12:55:33Z] status=monitoring_active_professional_campaigns samples=1319/1319 rows=2638 audit={'accepted': 0, 'explicitly_blocked': 18, 'running': 1, 'total': 19, 'unresolved': 0}
[2026-07-24T12:56:41Z] status=monitoring_active_professional_campaigns samples=1319/1319 rows=2638 audit={'accepted': 0, 'explicitly_blocked': 18, 'running': 1, 'total': 19, 'unresolved': 0}
[2026-07-24T12:57:44Z] status=monitoring_active_professional_campaigns samples=1319/1319 rows=2638 audit={'accepted': 0, 'explicitly_blocked': 18, 'running': 1, 'total': 19, 'unresolved': 0}
[2026-07-24T12:57:48Z] status=monitoring_active_professional_campaigns samples=1319/1319 rows=2638 audit={'accepted': 0, 'explicitly_blocked': 18, 'running': 1, 'total': 19, 'unresolved': 0}
[2026-07-24T12:58:13Z] status=monitoring_active_professional_campaigns samples=1319/1319 rows=2638 audit={'accepted': 0, 'explicitly_blocked': 18, 'running': 1, 'total': 19, 'unresolved': 0}
[2026-07-24T12:58:55Z] status=monitoring_active_professional_campaigns samples=1319/1319 rows=2638 audit={'accepted': 0, 'explicitly_blocked': 18, 'running': 1, 'total': 19, 'unresolved': 0}
[2026-07-24T13:00:03Z] status=monitoring_active_professional_campaigns samples=1319/1319 rows=2638 audit={'accepted': 0, 'explicitly_blocked': 18, 'running': 1, 'total': 19, 'unresolved': 0}
[2026-07-24T13:00:38Z] status=monitoring_active_professional_campaigns samples=1319/1319 rows=2638 audit={'accepted': 0, 'explicitly_blocked': 18, 'running': 1, 'total': 19, 'unresolved': 0}
[2026-07-24T13:01:11Z] status=monitoring_active_professional_campaigns samples=1319/1319 rows=2638 audit={'accepted': 0, 'explicitly_blocked': 18, 'running': 1, 'total': 19, 'unresolved': 0}
[2026-07-24T13:01:42Z] status=monitoring_active_professional_campaigns samples=1319/1319 rows=2638 audit={'accepted': 0, 'explicitly_blocked': 18, 'running': 1, 'total': 19, 'unresolved': 0}
[2026-07-24T13:02:18Z] status=monitoring_active_professional_campaigns samples=1319/1319 rows=2638 audit={'accepted': 0, 'explicitly_blocked': 18, 'running': 1, 'total': 19, 'unresolved': 0}
[2026-07-24T13:03:25Z] status=monitoring_active_professional_campaigns samples=1319/1319 rows=2638 audit={'accepted': 0, 'explicitly_blocked': 18, 'running': 1, 'total': 19, 'unresolved': 0}
[2026-07-24T13:03:48Z] status=monitoring_active_professional_campaigns samples=1319/1319 rows=2638 audit={'accepted': 0, 'explicitly_blocked': 18, 'running': 1, 'total': 19, 'unresolved': 0}
[2026-07-24T13:04:30Z] status=monitoring_active_professional_campaigns samples=1319/1319 rows=2638 audit={'accepted': 0, 'explicitly_blocked': 18, 'running': 1, 'total': 19, 'unresolved': 0}
[2026-07-24T13:04:33Z] status=monitoring_active_professional_campaigns samples=1319/1319 rows=2638 audit={'accepted': 0, 'explicitly_blocked': 18, 'running': 1, 'total': 19, 'unresolved': 0}
[2026-07-24T13:05:41Z] status=monitoring_active_professional_campaigns samples=1319/1319 rows=2638 audit={'accepted': 0, 'explicitly_blocked': 18, 'running': 1, 'total': 19, 'unresolved': 0}
[2026-07-24T13:06:26Z] status=monitoring_active_professional_campaigns samples=1319/1319 rows=2638 audit={'accepted': 0, 'explicitly_blocked': 18, 'running': 1, 'total': 19, 'unresolved': 0}
[2026-07-24T13:06:48Z] status=monitoring_active_professional_campaigns samples=1319/1319 rows=2638 audit={'accepted': 0, 'explicitly_blocked': 18, 'running': 1, 'total': 19, 'unresolved': 0}
[2026-07-24T13:07:13Z] status=monitoring_active_professional_campaigns samples=1319/1319 rows=2638 audit={'accepted': 0, 'explicitly_blocked': 18, 'running': 1, 'total': 19, 'unresolved': 0}
[2026-07-24T13:07:55Z] status=monitoring_active_professional_campaigns samples=1319/1319 rows=2638 audit={'accepted': 0, 'explicitly_blocked': 18, 'running': 1, 'total': 19, 'unresolved': 0}
[2026-07-24T13:09:01Z] status=monitoring_active_professional_campaigns samples=1319/1319 rows=2638 audit={'accepted': 0, 'explicitly_blocked': 18, 'running': 1, 'total': 19, 'unresolved': 0}
[2026-07-24T13:09:04Z] status=monitoring_active_professional_campaigns samples=1319/1319 rows=2638 audit={'accepted': 0, 'explicitly_blocked': 18, 'running': 1, 'total': 19, 'unresolved': 0}
[2026-07-24T13:09:09Z] status=monitoring_active_professional_campaigns samples=1319/1319 rows=2638 audit={'accepted': 0, 'explicitly_blocked': 18, 'running': 1, 'total': 19, 'unresolved': 0}
[2026-07-24T13:10:11Z] status=monitoring_active_professional_campaigns samples=1319/1319 rows=2638 audit={'accepted': 0, 'explicitly_blocked': 18, 'running': 1, 'total': 19, 'unresolved': 0}
[2026-07-24T13:10:45Z] status=monitoring_active_professional_campaigns samples=1319/1319 rows=2638 audit={'accepted': 0, 'explicitly_blocked': 18, 'running': 1, 'total': 19, 'unresolved': 0}
[2026-07-24T13:11:18Z] status=monitoring_active_professional_campaigns samples=1319/1319 rows=2638 audit={'accepted': 0, 'explicitly_blocked': 18, 'running': 1, 'total': 19, 'unresolved': 0}
[2026-07-24T13:11:49Z] status=monitoring_active_professional_campaigns samples=1319/1319 rows=2638 audit={'accepted': 0, 'explicitly_blocked': 18, 'running': 1, 'total': 19, 'unresolved': 0}
[2026-07-24T13:12:19Z] status=monitoring_active_professional_campaigns samples=1319/1319 rows=2638 audit={'accepted': 0, 'explicitly_blocked': 18, 'running': 1, 'total': 19, 'unresolved': 0}
[2026-07-24T13:12:26Z] status=monitoring_active_professional_campaigns samples=1319/1319 rows=2638 audit={'accepted': 0, 'explicitly_blocked': 18, 'running': 1, 'total': 19, 'unresolved': 0}
[2026-07-24T13:13:33Z] status=monitoring_active_professional_campaigns samples=1319/1319 rows=2638 audit={'accepted': 0, 'explicitly_blocked': 18, 'running': 1, 'total': 19, 'unresolved': 0}
[2026-07-24T13:14:03Z] status=monitoring_active_professional_campaigns samples=1319/1319 rows=2638 audit={'accepted': 0, 'explicitly_blocked': 18, 'running': 1, 'total': 19, 'unresolved': 0}
[2026-07-24T13:14:37Z] status=monitoring_active_professional_campaigns samples=1319/1319 rows=2638 audit={'accepted': 0, 'explicitly_blocked': 18, 'running': 1, 'total': 19, 'unresolved': 0}
[2026-07-24T13:14:40Z] status=monitoring_active_professional_campaigns samples=1319/1319 rows=2638 audit={'accepted': 0, 'explicitly_blocked': 18, 'running': 1, 'total': 19, 'unresolved': 0}
[2026-07-24T13:15:43Z] status=monitoring_active_professional_campaigns samples=1319/1319 rows=2638 audit={'accepted': 0, 'explicitly_blocked': 18, 'running': 1, 'total': 19, 'unresolved': 0}
[2026-07-24T13:15:48Z] status=monitoring_active_professional_campaigns samples=1319/1319 rows=2638 audit={'accepted': 0, 'explicitly_blocked': 18, 'running': 1, 'total': 19, 'unresolved': 0}
[2026-07-24T13:16:56Z] status=monitoring_active_professional_campaigns samples=1319/1319 rows=2638 audit={'accepted': 0, 'explicitly_blocked': 18, 'running': 1, 'total': 19, 'unresolved': 0}
[2026-07-24T13:17:19Z] status=monitoring_active_professional_campaigns samples=1319/1319 rows=2638 audit={'accepted': 0, 'explicitly_blocked': 18, 'running': 1, 'total': 19, 'unresolved': 0}
[2026-07-24T13:18:03Z] status=monitoring_active_professional_campaigns samples=1319/1319 rows=2638 audit={'accepted': 0, 'explicitly_blocked': 18, 'running': 1, 'total': 19, 'unresolved': 0}
[2026-07-24T13:19:10Z] status=monitoring_active_professional_campaigns samples=1319/1319 rows=2638 audit={'accepted': 0, 'explicitly_blocked': 18, 'running': 1, 'total': 19, 'unresolved': 0}
[2026-07-24T13:20:12Z] status=monitoring_active_professional_campaigns samples=1319/1319 rows=2638 audit={'accepted': 0, 'explicitly_blocked': 18, 'running': 1, 'total': 19, 'unresolved': 0}
[2026-07-24T13:20:18Z] status=monitoring_active_professional_campaigns samples=1319/1319 rows=2638 audit={'accepted': 0, 'explicitly_blocked': 18, 'running': 1, 'total': 19, 'unresolved': 0}
[2026-07-24T13:21:06Z] status=monitoring_active_professional_campaigns samples=1319/1319 rows=2638 audit={'accepted': 0, 'explicitly_blocked': 18, 'running': 1, 'total': 19, 'unresolved': 0}
[2026-07-24T13:21:25Z] status=monitoring_active_professional_campaigns samples=1319/1319 rows=2638 audit={'accepted': 0, 'explicitly_blocked': 18, 'running': 1, 'total': 19, 'unresolved': 0}
[2026-07-24T13:22:32Z] status=monitoring_active_professional_campaigns samples=1319/1319 rows=2638 audit={'accepted': 0, 'explicitly_blocked': 18, 'running': 1, 'total': 19, 'unresolved': 0}
[2026-07-24T13:23:23Z] status=monitoring_active_professional_campaigns samples=1319/1319 rows=2638 audit={'accepted': 0, 'explicitly_blocked': 18, 'running': 1, 'total': 19, 'unresolved': 0}
[2026-07-24T13:23:39Z] status=monitoring_active_professional_campaigns samples=1319/1319 rows=2638 audit={'accepted': 0, 'explicitly_blocked': 18, 'running': 1, 'total': 19, 'unresolved': 0}
[2026-07-24T13:24:37Z] status=monitoring_active_professional_campaigns samples=1319/1319 rows=2638 audit={'accepted': 0, 'explicitly_blocked': 18, 'running': 1, 'total': 19, 'unresolved': 0}
[2026-07-24T13:24:47Z] status=monitoring_active_professional_campaigns samples=1319/1319 rows=2638 audit={'accepted': 0, 'explicitly_blocked': 18, 'running': 1, 'total': 19, 'unresolved': 0}
[2026-07-24T13:24:58Z] status=monitoring_active_professional_campaigns samples=1319/1319 rows=2638 audit={'accepted': 0, 'explicitly_blocked': 18, 'running': 1, 'total': 19, 'unresolved': 0}
[2026-07-24T13:25:44Z] status=monitoring_active_professional_campaigns samples=1319/1319 rows=2638 audit={'accepted': 0, 'explicitly_blocked': 18, 'running': 1, 'total': 19, 'unresolved': 0}
[2026-07-24T13:25:55Z] status=monitoring_active_professional_campaigns samples=1319/1319 rows=2638 audit={'accepted': 0, 'explicitly_blocked': 18, 'running': 1, 'total': 19, 'unresolved': 0}
[2026-07-24T13:27:03Z] status=monitoring_active_professional_campaigns samples=1319/1319 rows=2638 audit={'accepted': 0, 'explicitly_blocked': 18, 'running': 1, 'total': 19, 'unresolved': 0}
[2026-07-24T13:27:07Z] status=monitoring_active_professional_campaigns samples=1319/1319 rows=2638 audit={'accepted': 0, 'explicitly_blocked': 18, 'running': 1, 'total': 19, 'unresolved': 0}
[2026-07-24T13:27:19Z] status=monitoring_active_professional_campaigns samples=1319/1319 rows=2638 audit={'accepted': 0, 'explicitly_blocked': 18, 'running': 1, 'total': 19, 'unresolved': 0}
[2026-07-24T13:28:10Z] status=monitoring_active_professional_campaigns samples=1319/1319 rows=2638 audit={'accepted': 0, 'explicitly_blocked': 18, 'running': 1, 'total': 19, 'unresolved': 0}
[2026-07-24T13:28:40Z] status=monitoring_active_professional_campaigns samples=1319/1319 rows=2638 audit={'accepted': 0, 'explicitly_blocked': 18, 'running': 1, 'total': 19, 'unresolved': 0}
[2026-07-24T13:29:17Z] status=monitoring_active_professional_campaigns samples=1319/1319 rows=2638 audit={'accepted': 0, 'explicitly_blocked': 18, 'running': 1, 'total': 19, 'unresolved': 0}
[2026-07-24T13:30:04Z] status=monitoring_active_professional_campaigns samples=1319/1319 rows=2638 audit={'accepted': 0, 'explicitly_blocked': 18, 'running': 1, 'total': 19, 'unresolved': 0}
[2026-07-24T13:30:15Z] status=monitoring_active_professional_campaigns samples=1319/1319 rows=2638 audit={'accepted': 0, 'explicitly_blocked': 18, 'running': 1, 'total': 19, 'unresolved': 0}
[2026-07-24T13:30:24Z] status=monitoring_active_professional_campaigns samples=1319/1319 rows=2638 audit={'accepted': 0, 'explicitly_blocked': 18, 'running': 1, 'total': 19, 'unresolved': 0}
[2026-07-24T13:31:31Z] status=monitoring_active_professional_campaigns samples=1319/1319 rows=2638 audit={'accepted': 0, 'explicitly_blocked': 18, 'running': 1, 'total': 19, 'unresolved': 0}
[2026-07-24T13:32:29Z] status=monitoring_active_professional_campaigns samples=1319/1319 rows=2638 audit={'accepted': 0, 'explicitly_blocked': 18, 'running': 1, 'total': 19, 'unresolved': 0}
[2026-07-24T13:32:38Z] status=monitoring_active_professional_campaigns samples=1319/1319 rows=2638 audit={'accepted': 0, 'explicitly_blocked': 18, 'running': 1, 'total': 19, 'unresolved': 0}
[2026-07-24T13:33:41Z] status=monitoring_active_professional_campaigns samples=1319/1319 rows=2638 audit={'accepted': 0, 'explicitly_blocked': 18, 'running': 1, 'total': 19, 'unresolved': 0}
[2026-07-24T13:33:46Z] status=monitoring_active_professional_campaigns samples=1319/1319 rows=2638 audit={'accepted': 0, 'explicitly_blocked': 18, 'running': 1, 'total': 19, 'unresolved': 0}
[2026-07-24T13:34:14Z] status=monitoring_active_professional_campaigns samples=1319/1319 rows=2638 audit={'accepted': 0, 'explicitly_blocked': 18, 'running': 1, 'total': 19, 'unresolved': 0}
[2026-07-24T13:34:53Z] status=monitoring_active_professional_campaigns samples=1319/1319 rows=2638 audit={'accepted': 0, 'explicitly_blocked': 18, 'running': 1, 'total': 19, 'unresolved': 0}
[2026-07-24T13:35:26Z] status=monitoring_active_professional_campaigns samples=1319/1319 rows=2638 audit={'accepted': 0, 'explicitly_blocked': 18, 'running': 1, 'total': 19, 'unresolved': 0}
[2026-07-24T13:35:52Z] status=monitoring_active_professional_campaigns samples=1319/1319 rows=2638 audit={'accepted': 0, 'explicitly_blocked': 18, 'running': 1, 'total': 19, 'unresolved': 0}
[2026-07-24T13:36:00Z] status=monitoring_active_professional_campaigns samples=1319/1319 rows=2638 audit={'accepted': 0, 'explicitly_blocked': 18, 'running': 1, 'total': 19, 'unresolved': 0}
[2026-07-24T13:37:07Z] status=monitoring_active_professional_campaigns samples=1319/1319 rows=2638 audit={'accepted': 0, 'explicitly_blocked': 18, 'running': 1, 'total': 19, 'unresolved': 0}
[2026-07-24T13:37:17Z] status=monitoring_active_professional_campaigns samples=1319/1319 rows=2638 audit={'accepted': 0, 'explicitly_blocked': 18, 'running': 1, 'total': 19, 'unresolved': 0}
[2026-07-24T13:38:14Z] status=monitoring_active_professional_campaigns samples=1319/1319 rows=2638 audit={'accepted': 0, 'explicitly_blocked': 18, 'running': 1, 'total': 19, 'unresolved': 0}
[2026-07-24T13:38:30Z] status=monitoring_active_professional_campaigns samples=1319/1319 rows=2638 audit={'accepted': 0, 'explicitly_blocked': 18, 'running': 1, 'total': 19, 'unresolved': 0}
[2026-07-24T13:38:53Z] status=monitoring_active_professional_campaigns samples=1319/1319 rows=2638 audit={'accepted': 0, 'explicitly_blocked': 18, 'running': 1, 'total': 19, 'unresolved': 0}
[2026-07-24T13:39:22Z] status=monitoring_active_professional_campaigns samples=1319/1319 rows=2638 audit={'accepted': 0, 'explicitly_blocked': 18, 'running': 1, 'total': 19, 'unresolved': 0}
[2026-07-24T13:40:29Z] status=monitoring_active_professional_campaigns samples=1319/1319 rows=2638 audit={'accepted': 0, 'explicitly_blocked': 18, 'running': 1, 'total': 19, 'unresolved': 0}
[2026-07-24T13:40:42Z] status=monitoring_active_professional_campaigns samples=1319/1319 rows=2638 audit={'accepted': 0, 'explicitly_blocked': 18, 'running': 1, 'total': 19, 'unresolved': 0}
[2026-07-24T13:41:04Z] status=monitoring_active_professional_campaigns samples=1319/1319 rows=2638 audit={'accepted': 0, 'explicitly_blocked': 18, 'running': 1, 'total': 19, 'unresolved': 0}
[2026-07-24T13:41:36Z] status=monitoring_active_professional_campaigns samples=1319/1319 rows=2638 audit={'accepted': 0, 'explicitly_blocked': 18, 'running': 1, 'total': 19, 'unresolved': 0}
[2026-07-24T13:42:26Z] status=monitoring_active_professional_campaigns samples=1319/1319 rows=2638 audit={'accepted': 0, 'explicitly_blocked': 18, 'running': 1, 'total': 19, 'unresolved': 0}
[2026-07-24T13:42:44Z] status=monitoring_active_professional_campaigns samples=1319/1319 rows=2638 audit={'accepted': 0, 'explicitly_blocked': 18, 'running': 1, 'total': 19, 'unresolved': 0}
[2026-07-24T13:43:30Z] status=monitoring_active_professional_campaigns samples=1319/1319 rows=2638 audit={'accepted': 0, 'explicitly_blocked': 18, 'running': 1, 'total': 19, 'unresolved': 0}
[2026-07-24T13:43:51Z] status=monitoring_active_professional_campaigns samples=1319/1319 rows=2638 audit={'accepted': 0, 'explicitly_blocked': 18, 'running': 1, 'total': 19, 'unresolved': 0}
[2026-07-24T13:44:14Z] status=monitoring_active_professional_campaigns samples=1319/1319 rows=2638 audit={'accepted': 0, 'explicitly_blocked': 18, 'running': 1, 'total': 19, 'unresolved': 0}
[2026-07-24T13:44:58Z] status=monitoring_active_professional_campaigns samples=1319/1319 rows=2638 audit={'accepted': 0, 'explicitly_blocked': 18, 'running': 1, 'total': 19, 'unresolved': 0}
[2026-07-24T13:46:07Z] status=monitoring_active_professional_campaigns samples=1319/1319 rows=2638 audit={'accepted': 0, 'explicitly_blocked': 18, 'running': 1, 'total': 19, 'unresolved': 0}
[2026-07-24T13:46:11Z] status=monitoring_active_professional_campaigns samples=1319/1319 rows=2638 audit={'accepted': 0, 'explicitly_blocked': 18, 'running': 1, 'total': 19, 'unresolved': 0}
[2026-07-24T13:46:19Z] status=monitoring_active_professional_campaigns samples=1319/1319 rows=2638 audit={'accepted': 0, 'explicitly_blocked': 18, 'running': 1, 'total': 19, 'unresolved': 0}
[2026-07-24T13:47:14Z] status=monitoring_active_professional_campaigns samples=1319/1319 rows=2638 audit={'accepted': 0, 'explicitly_blocked': 18, 'running': 1, 'total': 19, 'unresolved': 0}
[2026-07-24T13:48:21Z] status=monitoring_active_professional_campaigns samples=1319/1319 rows=2638 audit={'accepted': 0, 'explicitly_blocked': 18, 'running': 1, 'total': 19, 'unresolved': 0}
[2026-07-24T13:48:42Z] status=monitoring_active_professional_campaigns samples=1319/1319 rows=2638 audit={'accepted': 0, 'explicitly_blocked': 18, 'running': 1, 'total': 19, 'unresolved': 0}
[2026-07-24T13:48:44Z] status=monitoring_active_professional_campaigns samples=1319/1319 rows=2638 audit={'accepted': 0, 'explicitly_blocked': 18, 'running': 1, 'total': 19, 'unresolved': 0}
[2026-07-24T13:49:28Z] status=monitoring_active_professional_campaigns samples=1319/1319 rows=2638 audit={'accepted': 0, 'explicitly_blocked': 18, 'running': 1, 'total': 19, 'unresolved': 0}
[2026-07-24T13:50:35Z] status=monitoring_active_professional_campaigns samples=1319/1319 rows=2638 audit={'accepted': 0, 'explicitly_blocked': 18, 'running': 1, 'total': 19, 'unresolved': 0}
[2026-07-24T13:50:50Z] status=monitoring_active_professional_campaigns samples=1319/1319 rows=2638 audit={'accepted': 0, 'explicitly_blocked': 18, 'running': 1, 'total': 19, 'unresolved': 0}
[2026-07-24T13:51:43Z] status=monitoring_active_professional_campaigns samples=1319/1319 rows=2638 audit={'accepted': 0, 'explicitly_blocked': 18, 'running': 1, 'total': 19, 'unresolved': 0}
[2026-07-24T13:52:51Z] status=monitoring_active_professional_campaigns samples=1319/1319 rows=2638 audit={'accepted': 0, 'explicitly_blocked': 18, 'running': 1, 'total': 19, 'unresolved': 0}
[2026-07-24T13:53:06Z] status=monitoring_active_professional_campaigns samples=1319/1319 rows=2638 audit={'accepted': 0, 'explicitly_blocked': 18, 'running': 1, 'total': 19, 'unresolved': 0}
[2026-07-24T13:53:14Z] status=monitoring_active_professional_campaigns samples=1319/1319 rows=2638 audit={'accepted': 0, 'explicitly_blocked': 18, 'running': 1, 'total': 19, 'unresolved': 0}
[2026-07-24T13:53:58Z] status=monitoring_active_professional_campaigns samples=1319/1319 rows=2638 audit={'accepted': 0, 'explicitly_blocked': 18, 'running': 1, 'total': 19, 'unresolved': 0}
[2026-07-24T13:55:05Z] status=monitoring_active_professional_campaigns samples=1319/1319 rows=2638 audit={'accepted': 0, 'explicitly_blocked': 18, 'running': 1, 'total': 19, 'unresolved': 0}
[2026-07-24T13:55:14Z] status=monitoring_active_professional_campaigns samples=1319/1319 rows=2638 audit={'accepted': 0, 'explicitly_blocked': 18, 'running': 1, 'total': 19, 'unresolved': 0}
[2026-07-24T13:56:12Z] status=monitoring_active_professional_campaigns samples=1319/1319 rows=2638 audit={'accepted': 0, 'explicitly_blocked': 18, 'running': 1, 'total': 19, 'unresolved': 0}
[2026-07-24T13:57:17Z] status=monitoring_active_professional_campaigns samples=1319/1319 rows=2638 audit={'accepted': 0, 'explicitly_blocked': 18, 'running': 1, 'total': 19, 'unresolved': 0}
[2026-07-24T13:57:20Z] status=monitoring_active_professional_campaigns samples=1319/1319 rows=2638 audit={'accepted': 0, 'explicitly_blocked': 18, 'running': 1, 'total': 19, 'unresolved': 0}
[2026-07-24T13:58:27Z] status=monitoring_active_professional_campaigns samples=1319/1319 rows=2638 audit={'accepted': 0, 'explicitly_blocked': 18, 'running': 1, 'total': 19, 'unresolved': 0}
[2026-07-24T13:59:34Z] status=monitoring_active_professional_campaigns samples=1319/1319 rows=2638 audit={'accepted': 0, 'explicitly_blocked': 18, 'running': 1, 'total': 19, 'unresolved': 0}
[2026-07-24T14:00:42Z] status=monitoring_active_professional_campaigns samples=1319/1319 rows=2638 audit={'accepted': 0, 'explicitly_blocked': 18, 'running': 1, 'total': 19, 'unresolved': 0}
[2026-07-24T14:01:49Z] status=monitoring_active_professional_campaigns samples=1319/1319 rows=2638 audit={'accepted': 0, 'explicitly_blocked': 18, 'running': 1, 'total': 19, 'unresolved': 0}
[2026-07-24T14:02:56Z] status=monitoring_active_professional_campaigns samples=1319/1319 rows=2638 audit={'accepted': 0, 'explicitly_blocked': 18, 'running': 1, 'total': 19, 'unresolved': 0}
